Name,PlayerId,AVG_cur,OBP_cur,SLG_cur,K_pct_cur,BB_pct_cur,BABIP_cur,wOBA_cur,xwOBA_cur,PA_cur,Age,AVG_l3,OBP_l3,SLG_l3,K_pct_l3,BB_pct_l3,BABIP_l3,wOBA_l3,xwOBA_l3,PA_l3,AVG_diff,OBP_diff,SLG_diff,K_pct_diff,BB_pct_diff,BABIP_diff,wOBA_diff,xwOBA_diff
Aaron Judge,15640,0.392,0.488,0.776,23.077,15.05,0.465,0.52,0.472,299,33,0.304,0.433,0.674,25.619,17.869,0.341,0.456,0.469,1858,0.088,0.055,0.102,-2.542,-2.819,0.124,0.065,0.003
Aaron Schunk,25524,0.214,0.214,0.25,27.586,0,0.3,0.204,0.25,29,27,0.234,0.265,0.33,31.633,4.082,0.328,0.257,0.236,98,-0.02,-0.051,-0.08,-4.046,-4.082,-0.028,-0.053,0.014
Abraham Toro,19844,0.33,0.354,0.574,14.141,3.03,0.342,0.397,0.347,99,28,0.219,0.273,0.349,17.91,5.97,0.246,0.273,0.293,737,0.11,0.08,0.225,-3.769,-2.94,0.096,0.124,0.054
Adael Amador,27962,0.146,0.24,0.225,24.51,9.804,0.19,0.219,0.284,102,22,0.171,0.194,0.2,16.667,2.778,0.207,0.176,0.264,36,-0.025,0.046,0.025,7.843,7.026,-0.016,0.043,0.02
Adam Frazier,15223,0.259,0.322,0.352,15.888,7.009,0.297,0.299,0.272,214,33,0.231,0.296,0.336,14.804,7.402,0.26,0.281,0.296,1351,0.028,0.026,0.017,1.084,-0.393,0.037,0.018,-0.024
Addison Barger,24598,0.265,0.323,0.49,23.171,7.317,0.311,0.348,0.373,164,25,0.197,0.25,0.351,26.667,6.222,0.239,0.262,0.291,225,0.068,0.073,0.139,-3.496,1.095,0.072,0.086,0.082
Adley Rutschman,26288,0.225,0.316,0.369,16.601,11.462,0.247,0.307,0.359,253,27,0.261,0.351,0.421,16.156,11.978,0.289,0.337,0.344,1795,-0.036,-0.035,-0.052,0.445,-0.515,-0.041,-0.03,0.015
Adolis Garcia,19287,0.217,0.263,0.381,25.101,5.263,0.255,0.28,0.321,247,32,0.24,0.304,0.454,27.778,7.788,0.288,0.325,0.331,1926,-0.023,-0.041,-0.073,-2.677,-2.525,-0.033,-0.045,-0.01
Agustin Ramirez,26546,0.226,0.282,0.435,16.575,7.182,0.231,0.312,0.338,181,23,NA,NA,NA,NA,NA,NA,NA,NA,NA,NA,NA,NA,NA,NA,NA,NA,NA
Akil Baddoo,22168,0.118,0.167,0.176,27.778,5.556,0.167,0.158,0.271,18,26,0.203,0.292,0.328,27.108,11.145,0.265,0.276,0.284,664,-0.085,-0.125,-0.151,0.669,-5.589,-0.098,-0.118,-0.013
Alan Roden,31564,0.188,0.26,0.271,20.833,5.208,0.227,0.243,0.231,96,25,NA,NA,NA,NA,NA,NA,NA,NA,NA,NA,NA,NA,NA,NA,NA,NA,NA
Alan Trejo,20056,0.175,0.19,0.225,16.279,2.326,0.206,0.183,0.24,43,29,0.229,0.278,0.335,23.15,5.489,0.284,0.27,0.27,419,-0.054,-0.088,-0.11,-6.871,-3.164,-0.078,-0.088,-0.03
Alec Bohm,21618,0.283,0.319,0.398,15.185,4.074,0.316,0.315,0.327,270,28,0.278,0.325,0.427,15.693,6.115,0.307,0.325,0.339,1848,0.005,-0.006,-0.029,-0.507,-2.041,0.009,-0.01,-0.012
Alec Burleson,27615,0.292,0.337,0.416,14.573,6.533,0.322,0.33,0.323,199,26,0.256,0.307,0.402,13.065,6.332,0.268,0.308,0.332,995,0.036,0.03,0.014,1.508,0.201,0.055,0.021,-0.009
Alejandro Kirk,22581,0.325,0.367,0.44,10.092,6.422,0.341,0.352,0.37,218,26,0.265,0.345,0.381,11.416,10.378,0.281,0.321,0.334,1349,0.06,0.022,0.059,-1.324,-3.956,0.059,0.032,0.036
Alejandro Osuna,27915,0.148,0.303,0.148,24.242,15.152,0.211,0.235,0.323,33,22,NA,NA,NA,NA,NA,NA,NA,NA,NA,NA,NA,NA,NA,NA,NA,NA,NA
Alek Thomas,23792,0.273,0.314,0.398,22.751,3.704,0.344,0.313,0.33,189,25,0.226,0.271,0.359,19.323,5.24,0.26,0.274,0.29,916,0.047,0.043,0.039,3.428,-1.536,0.083,0.039,0.04
Alex Bregman,17678,0.299,0.385,0.553,18.584,9.735,0.331,0.404,0.359,226,31,0.26,0.349,0.449,12.413,11.072,0.265,0.347,0.341,2014,0.039,0.036,0.104,6.171,-1.338,0.066,0.057,0.018
Alex Call,19296,0.264,0.372,0.388,13.75,11.875,0.296,0.34,0.335,160,30,0.231,0.332,0.364,18.594,11.713,0.268,0.312,0.294,683,0.032,0.039,0.024,-4.844,0.162,0.028,0.029,0.041
Alex Verdugo,17027,0.247,0.301,0.312,14.458,6.024,0.292,0.277,0.31,166,29,0.259,0.314,0.394,14.569,7.284,0.286,0.308,0.321,1867,-0.012,-0.013,-0.082,-0.111,-1.26,0.006,-0.031,-0.011
Alexander Canario,22842,0.213,0.27,0.323,32.117,7.299,0.3,0.265,0.31,137,25,0.286,0.333,0.524,42.222,4.444,0.476,0.364,0.277,45,-0.073,-0.063,-0.201,-10.105,2.855,-0.176,-0.099,0.033
Ali Sanchez,18551,0.182,0.182,0.273,27.273,0,0.25,0.196,0.225,11,28,0.167,0.211,0.19,25,4.167,0.23,0.184,0.213,96,0.015,-0.029,0.082,2.273,-4.167,0.02,0.012,0.012
Amed Rosario,15518,0.28,0.312,0.43,13.393,2.679,0.303,0.325,0.358,112,29,0.275,0.308,0.389,18.129,4.036,0.327,0.304,0.302,1561,0.005,0.004,0.04,-4.737,-1.357,-0.023,0.021,0.056
Andres Chaparro,21797,0.167,0.167,0.333,33.333,0,0.25,0.211,0.232,6,26,0.215,0.28,0.413,18.182,5.303,0.237,0.301,0.301,132,-0.048,-0.114,-0.08,15.152,-5.303,0.013,-0.09,-0.069
Andres Gimenez,19950,0.213,0.292,0.333,15.976,7.692,0.233,0.282,0.33,169,26,0.265,0.326,0.398,17.774,5.094,0.306,0.316,0.306,1806,-0.052,-0.034,-0.065,-1.798,2.598,-0.073,-0.034,0.024
Andrew Benintendi,17901,0.24,0.312,0.42,18.713,8.772,0.261,0.317,0.358,171,30,0.264,0.329,0.382,15.745,8.714,0.3,0.312,0.315,1664,-0.024,-0.017,0.038,2.968,0.058,-0.039,0.005,0.043
Andrew Knizner,19514,0,0.083,0,0,8.333,0,0.058,0.209,12,30,0.218,0.278,0.334,23.285,6.22,0.265,0.272,0.278,627,-0.218,-0.195,-0.334,-23.285,2.113,-0.265,-0.214,-0.069
Andrew McCutchen,9847,0.263,0.353,0.402,19.421,11.57,0.31,0.335,0.356,242,38,0.241,0.339,0.397,22.768,12.117,0.289,0.325,0.334,1568,0.022,0.014,0.005,-3.346,-0.547,0.021,0.01,0.022
Andrew Vaughn,26197,0.189,0.218,0.314,22.28,3.627,0.217,0.233,0.321,193,27,0.258,0.31,0.42,19.955,5.869,0.295,0.317,0.319,1789,-0.068,-0.093,-0.106,2.325,-2.242,-0.078,-0.084,0.002
Andruw Monasterio,19455,0.16,0.3,0.24,23.333,16.667,0.222,0.259,0.3,30,28,0.243,0.322,0.324,23.195,9.628,0.318,0.291,0.303,457,-0.083,-0.022,-0.084,0.139,7.039,-0.096,-0.032,-0.003
Andy Ibanez,18819,0.213,0.292,0.319,13.208,6.604,0.228,0.278,0.309,106,32,0.249,0.3,0.382,20.265,6.358,0.295,0.298,0.301,755,-0.036,-0.007,-0.063,-7.057,0.246,-0.067,-0.02,0.008
Andy Pages,24816,0.285,0.327,0.48,18.631,4.943,0.312,0.35,0.343,263,24,0.248,0.305,0.407,24.379,6.546,0.304,0.31,0.321,443,0.036,0.022,0.073,-5.748,-1.603,0.008,0.041,0.022
Angel Martinez,26540,0.242,0.263,0.36,20.513,2.564,0.285,0.272,0.261,195,23,0.232,0.298,0.338,19.527,8.876,0.274,0.282,0.271,169,0.01,-0.035,0.022,0.986,-6.312,0.011,-0.01,-0.01
Anthony Santander,14551,0.179,0.273,0.304,26.316,11.483,0.218,0.261,0.274,209,30,0.244,0.317,0.478,20.478,8.537,0.257,0.34,0.332,1968,-0.065,-0.044,-0.173,5.838,2.947,-0.039,-0.079,-0.058
Anthony Volpe,27647,0.244,0.319,0.445,24.815,9.259,0.299,0.332,0.324,270,24,0.228,0.288,0.373,25.039,7.287,0.284,0.289,0.288,1290,0.016,0.03,0.073,-0.224,1.972,0.015,0.043,0.036
Aramis Garcia,16925,NA,NA,NA,NA,NA,NA,NA,NA,0,32,0.213,0.248,0.259,29.565,2.609,0.301,0.228,0.247,115,NA,NA,NA,NA,NA,NA,NA,NA
Austin Barnes,12158,0.214,0.233,0.286,31.818,2.273,0.321,0.228,0.244,44,35,0.215,0.302,0.31,20.423,10.211,0.257,0.278,0.282,568,-0.001,-0.069,-0.024,11.396,-7.939,0.064,-0.049,-0.038
Austin Hays,19363,0.303,0.346,0.555,24.615,6.154,0.361,0.381,0.354,130,29,0.261,0.313,0.422,22.381,5.773,0.316,0.318,0.3,1403,0.041,0.033,0.132,2.235,0.381,0.045,0.062,0.054
Austin Hedges,12976,0.113,0.217,0.283,34.426,11.475,0.103,0.229,0.212,61,32,0.167,0.231,0.236,25.144,6.034,0.212,0.213,0.227,696,-0.054,-0.014,0.047,9.283,5.441,-0.109,0.016,-0.015
Austin Riley,18360,0.28,0.333,0.447,27.946,6.397,0.365,0.341,0.348,297,28,0.272,0.341,0.507,24.401,8.151,0.317,0.362,0.369,1877,0.008,-0.008,-0.059,3.545,-1.754,0.047,-0.02,-0.021
Austin Slater,16153,0.213,0.275,0.426,38.462,7.692,0.32,0.305,0.354,52,32,0.25,0.348,0.366,27.823,11.559,0.344,0.32,0.334,744,-0.038,-0.074,0.059,10.639,-3.867,-0.024,-0.015,0.02
Austin Wells,27562,0.228,0.293,0.476,24.186,7.442,0.242,0.328,0.31,215,25,0.229,0.312,0.41,20.654,10.225,0.255,0.314,0.344,489,-0.001,-0.019,0.066,3.532,-2.783,-0.012,0.014,-0.034
Austin Wynns,15271,0.364,0.417,0.636,31.25,8.333,0.5,0.452,0.371,48,34,0.244,0.299,0.338,23.977,5.556,0.317,0.283,0.251,342,0.119,0.118,0.299,7.273,2.778,0.183,0.169,0.12
Ben Rice,29576,0.235,0.322,0.48,22.368,8.772,0.254,0.348,0.41,228,26,0.171,0.264,0.349,26.966,11.236,0.186,0.269,0.34,178,0.064,0.058,0.131,-4.598,-2.464,0.067,0.08,0.07
Ben Rortvedt,20287,0.095,0.186,0.111,20,10,0.122,0.151,0.21,70,27,0.207,0.302,0.288,26.29,11.057,0.28,0.271,0.267,407,-0.111,-0.116,-0.177,-6.29,-1.057,-0.158,-0.12,-0.057
Ben Williamson,33197,0.255,0.289,0.315,25.287,4.023,0.342,0.27,0.271,174,24,NA,NA,NA,NA,NA,NA,NA,NA,NA,NA,NA,NA,NA,NA,NA,NA,NA
Blaine Crim,25714,0,0.154,0,46.154,7.692,0,0.109,0.145,13,28,NA,NA,NA,NA,NA,NA,NA,NA,NA,NA,NA,NA,NA,NA,NA,NA,NA
Blake Dunn,29487,0.15,0.32,0.233,33.333,10.667,0.235,0.274,0.315,75,26,0.154,0.241,0.308,37.931,6.897,0.214,0.247,0.238,29,-0.004,0.079,-0.074,-4.598,3.77,0.021,0.027,0.077
Blake Sabol,25805,0.125,0.167,0.188,38.889,5.556,0.2,0.158,0.22,18,27,0.243,0.313,0.392,32.984,7.592,0.341,0.308,0.285,382,-0.118,-0.146,-0.204,5.905,-2.036,-0.141,-0.15,-0.065
Bo Bichette,19612,0.275,0.32,0.425,16.181,5.825,0.307,0.325,0.373,309,27,0.283,0.324,0.441,20.441,5.386,0.334,0.331,0.338,1634,-0.008,-0.003,-0.016,-4.259,0.44,-0.026,-0.006,0.035
Bo Naylor,21865,0.192,0.304,0.41,25.405,14.054,0.206,0.315,0.311,185,25,0.214,0.292,0.393,28.271,9.532,0.264,0.298,0.278,619,-0.021,0.013,0.017,-2.866,4.523,-0.058,0.017,0.033
Bobby Dalbec,19966,0.222,0.333,0.278,28.571,14.286,0.333,0.286,0.257,21,30,0.198,0.269,0.33,37.876,8.216,0.3,0.266,0.272,499,0.024,0.064,-0.052,-9.304,6.069,0.033,0.02,-0.015
Bobby Witt Jr.,25764,0.283,0.34,0.476,19,7.667,0.325,0.345,0.377,300,25,0.288,0.336,0.505,17.789,6.241,0.316,0.356,0.365,2035,-0.005,0.004,-0.03,1.211,1.426,0.01,-0.011,0.012
Brandon Lockridge,21496,0.212,0.259,0.262,24.138,4.598,0.288,0.237,0.255,87,28,0.167,0.167,0.417,33.333,0,0.143,0.244,0.191,12,0.046,0.092,-0.154,-9.195,4.598,0.145,-0.008,0.064
Brandon Lowe,18882,0.246,0.296,0.446,25.769,6.538,0.284,0.322,0.35,260,30,0.234,0.317,0.44,25.909,9.76,0.277,0.328,0.335,1127,0.012,-0.021,0.006,-0.14,-3.222,0.007,-0.005,0.015
Brandon Marsh,20202,0.241,0.341,0.345,26.471,13.235,0.329,0.311,0.332,136,27,0.257,0.332,0.42,32.363,9.723,0.368,0.327,0.311,1409,-0.015,0.009,-0.075,-5.893,3.512,-0.039,-0.016,0.021
Brandon Nimmo,12927,0.241,0.305,0.452,18.421,7.895,0.249,0.328,0.348,266,32,0.258,0.353,0.433,20.813,11.001,0.304,0.344,0.342,2018,-0.017,-0.048,0.019,-2.392,-3.106,-0.055,-0.016,0.006
Braxton Fulford,29704,0.125,0.125,0.312,50,0,0.143,0.185,0.182,16,26,NA,NA,NA,NA,NA,NA,NA,NA,NA,NA,NA,NA,NA,NA,NA,NA,NA
Brayan Rocchio,23690,0.165,0.235,0.198,20.588,4.902,0.208,0.204,0.278,102,24,0.213,0.295,0.317,22.159,9.091,0.264,0.274,0.263,528,-0.049,-0.059,-0.119,-1.571,-4.189,-0.055,-0.069,0.015
Brendan Donovan,24679,0.31,0.379,0.44,13.309,7.914,0.351,0.36,0.368,278,28,0.28,0.364,0.407,13.682,9.39,0.311,0.341,0.341,1491,0.03,0.015,0.033,-0.373,-1.476,0.04,0.019,0.027
Brendan Rodgers,17907,0.183,0.262,0.275,37.705,9.016,0.29,0.246,0.306,122,28,0.265,0.319,0.405,20.884,6.707,0.319,0.316,0.313,1312,-0.082,-0.057,-0.129,16.821,2.309,-0.029,-0.07,-0.007
Brent Rooker,19627,0.276,0.342,0.498,20.847,8.469,0.31,0.365,0.395,307,30,0.267,0.344,0.517,30.612,9.439,0.337,0.366,0.36,1176,0.009,-0.002,-0.019,-9.765,-0.97,-0.027,-0.001,0.035
Brenton Doyle,25479,0.208,0.267,0.333,24.576,7.627,0.258,0.266,0.314,236,27,0.236,0.289,0.403,29.4,6.576,0.307,0.299,0.299,1034,-0.028,-0.022,-0.069,-4.824,1.051,-0.049,-0.032,0.015
Brett Baty,26123,0.222,0.268,0.412,26.667,5.455,0.262,0.295,0.329,165,25,0.215,0.282,0.325,26.412,7.807,0.275,0.27,0.297,602,0.007,-0.014,0.086,0.255,-2.353,-0.013,0.025,0.032
Brett Sullivan,18217,0.25,0.429,0.25,28.571,14.286,0.333,0.33,0.36,7,31,0.206,0.243,0.299,22.33,4.854,0.247,0.238,0.237,103,0.044,0.186,-0.049,6.241,9.431,0.087,0.092,0.123
Brett Wisely,27735,0,0,0,25,0,0,0,0.062,12,26,0.218,0.262,0.32,26.055,5.459,0.283,0.256,0.249,403,-0.218,-0.262,-0.32,-1.055,-5.459,-0.283,-0.256,-0.187
Brewer Hicklen,20450,0.667,0.75,0.667,25,25,1,0.618,0.381,4,29,NA,NA,NA,NA,NA,NA,NA,NA,NA,NA,NA,NA,NA,NA,NA,NA,NA
Brice Turang,22186,0.265,0.35,0.345,21.603,11.498,0.333,0.315,0.347,287,25,0.239,0.303,0.328,18.65,8.247,0.287,0.281,0.287,1067,0.026,0.047,0.017,2.952,3.251,0.046,0.034,0.06
Brooks Baldwin,31394,0.215,0.257,0.331,26.761,4.93,0.275,0.259,0.286,142,24,0.211,0.25,0.316,25.62,4.959,0.272,0.249,0.262,121,0.005,0.007,0.015,1.141,-0.029,0.003,0.01,0.024
Brooks Lee,31595,0.255,0.294,0.37,17.766,5.076,0.288,0.293,0.294,197,24,0.221,0.265,0.32,14.595,5.946,0.243,0.252,0.274,185,0.035,0.03,0.05,3.172,-0.87,0.045,0.04,0.02
Bryan De La Cruz,19600,0.191,0.24,0.213,36,6,0.31,0.209,0.248,50,28,0.247,0.289,0.405,25.078,5.49,0.3,0.3,0.325,1603,-0.055,-0.049,-0.192,10.922,0.51,0.011,-0.09,-0.077
Bryan Reynolds,19326,0.229,0.305,0.37,26.102,9.492,0.289,0.299,0.362,295,30,0.267,0.34,0.456,22.354,8.53,0.314,0.343,0.347,1946,-0.038,-0.035,-0.085,3.748,0.961,-0.025,-0.044,0.015
Bryce Harper,11579,0.258,0.368,0.446,18.577,13.834,0.289,0.357,0.387,253,32,0.288,0.38,0.513,21.46,12.601,0.336,0.379,0.377,1603,-0.03,-0.013,-0.067,-2.883,1.233,-0.046,-0.022,0.01
Bryson Stott,26294,0.237,0.299,0.332,18.039,7.843,0.279,0.283,0.296,255,27,0.256,0.315,0.381,16.816,7.633,0.289,0.304,0.301,1677,-0.019,-0.015,-0.049,1.223,0.21,-0.01,-0.021,-0.005
Byron Buxton,14161,0.276,0.339,0.513,28.571,8.482,0.344,0.363,0.34,224,31,0.238,0.312,0.498,29.006,7.968,0.283,0.345,0.343,1117,0.038,0.027,0.014,-0.435,0.514,0.061,0.018,-0.003
CJ Abrams,25768,0.264,0.331,0.472,18.75,5.417,0.294,0.35,0.351,240,24,0.246,0.302,0.402,19.499,5.072,0.284,0.305,0.302,1518,0.018,0.029,0.07,-0.749,0.344,0.011,0.045,0.049
CJ Alexander,20557,0.176,0.176,0.176,47.059,0,0.333,0.157,0.176,17,28,NA,NA,NA,NA,NA,NA,NA,NA,NA,NA,NA,NA,NA,NA,NA,NA,NA
Cal Raleigh,21534,0.265,0.372,0.629,26.389,13.542,0.271,0.42,0.4,288,28,0.222,0.303,0.457,28.288,10.05,0.253,0.326,0.335,1612,0.043,0.069,0.172,-1.899,3.492,0.018,0.094,0.065
Cal Stevenson,22411,0.25,0.25,0.25,25,0,0.333,0.222,0.154,8,28,0.172,0.278,0.237,26.364,12.727,0.246,0.241,0.285,110,0.078,-0.028,0.013,-1.364,-12.727,0.087,-0.019,-0.131
Caleb Durbin,29646,0.206,0.298,0.31,7.778,5.556,0.213,0.278,0.28,180,25,NA,NA,NA,NA,NA,NA,NA,NA,NA,NA,NA,NA,NA,NA,NA,NA,NA
Cam Smith,35108,0.246,0.322,0.363,29.146,8.543,0.347,0.307,0.328,199,22,NA,NA,NA,NA,NA,NA,NA,NA,NA,NA,NA,NA,NA,NA,NA,NA,NA
Carlos Correa,14162,0.251,0.291,0.386,18.636,5.455,0.29,0.297,0.325,220,30,0.272,0.351,0.453,20.364,10.41,0.315,0.348,0.346,1537,-0.021,-0.06,-0.067,-1.728,-4.955,-0.025,-0.05,-0.021
Carlos Narvaez,19722,0.279,0.355,0.458,25,10.5,0.358,0.357,0.323,200,26,0.231,0.333,0.231,40,13.333,0.429,0.268,0.306,15,0.049,0.022,0.227,-15,-2.833,-0.071,0.089,0.017
Carlos Santana,2396,0.251,0.35,0.388,17.121,12.451,0.276,0.329,0.315,257,39,0.228,0.321,0.411,16.928,11.693,0.241,0.32,0.329,1719,0.023,0.029,-0.023,0.192,0.759,0.036,0.01,-0.014
Carson Kelly,13620,0.25,0.365,0.486,14.371,14.97,0.241,0.372,0.369,167,30,0.221,0.293,0.341,20.293,8.313,0.259,0.282,0.29,818,0.029,0.072,0.145,-5.922,6.657,-0.018,0.09,0.079
Carson McCusker,33098,0.167,0.167,0.167,66.667,0,0.5,0.148,0.157,6,27,NA,NA,NA,NA,NA,NA,NA,NA,NA,NA,NA,NA,NA,NA,NA,NA,NA
Casey Schmitt,27577,0.226,0.324,0.323,29.167,9.722,0.325,0.297,0.345,72,26,0.219,0.264,0.369,23.077,4.359,0.259,0.274,0.289,390,0.006,0.06,-0.047,6.09,5.363,0.066,0.023,0.056
Cavan Biggio,19252,0.174,0.296,0.246,25.301,13.253,0.234,0.259,0.304,83,30,0.214,0.326,0.346,28.324,11.792,0.29,0.303,0.29,865,-0.04,-0.029,-0.1,-3.022,1.461,-0.056,-0.045,0.014
Ceddanne Rafaela,24262,0.254,0.306,0.402,20.082,5.738,0.3,0.311,0.336,244,24,0.246,0.275,0.389,27.121,2.879,0.315,0.286,0.268,660,0.009,0.031,0.013,-7.039,2.859,-0.015,0.025,0.068
Cedric Mullins,17929,0.233,0.321,0.45,25.116,10.698,0.27,0.337,0.307,215,30,0.244,0.311,0.407,19.988,8.057,0.28,0.312,0.29,1626,-0.011,0.01,0.042,5.129,2.641,-0.01,0.025,0.017
Chadwick Tromp,16953,0,0.1,0,40,10,0,0.069,0.119,10,30,0.221,0.229,0.324,34.286,1.429,0.333,0.236,0.229,70,-0.221,-0.129,-0.324,5.714,8.571,-0.333,-0.167,-0.11
Chandler Simpson,31912,0.285,0.315,0.317,10.526,4.511,0.318,0.283,0.309,133,24,NA,NA,NA,NA,NA,NA,NA,NA,NA,NA,NA,NA,NA,NA,NA,NA,NA
Chas McCormick,19599,0.256,0.347,0.302,26.415,9.434,0.379,0.301,0.307,53,30,0.248,0.326,0.415,26.083,9.107,0.309,0.324,0.322,1131,0.008,0.021,-0.113,0.332,0.327,0.071,-0.024,-0.015
Chase Meidroth,31580,0.287,0.374,0.354,12.834,12.299,0.326,0.332,0.322,187,23,NA,NA,NA,NA,NA,NA,NA,NA,NA,NA,NA,NA,NA,NA,NA,NA,NA
Chris Taylor,13757,0.2,0.246,0.323,37.681,1.449,0.316,0.254,0.254,69,34,0.222,0.31,0.374,33.303,10.424,0.322,0.301,0.294,1084,-0.022,-0.064,-0.05,4.379,-8.975,-0.006,-0.048,-0.04
Christian Encarnacion-Strand,30011,0.21,0.241,0.432,24.138,2.299,0.211,0.288,0.301,87,25,0.243,0.291,0.414,28.571,4.945,0.303,0.305,0.33,364,-0.033,-0.05,0.018,-4.433,-2.646,-0.093,-0.017,-0.029
Christian Koss,27653,0.219,0.275,0.266,29.167,5.556,0.31,0.248,0.312,72,27,NA,NA,NA,NA,NA,NA,NA,NA,NA,NA,NA,NA,NA,NA,NA,NA,NA
Christian Vazquez,9774,0.204,0.278,0.32,15.652,9.565,0.226,0.269,0.29,115,34,0.242,0.284,0.352,19.708,5.292,0.285,0.279,0.278,1096,-0.039,-0.006,-0.032,-4.056,4.273,-0.059,-0.01,0.012
Christian Walker,13419,0.218,0.279,0.371,27.574,6.25,0.271,0.288,0.323,272,34,0.25,0.332,0.481,20.798,9.894,0.268,0.347,0.35,1880,-0.032,-0.052,-0.11,6.776,-3.644,0.004,-0.06,-0.027
Christian Yelich,11477,0.238,0.322,0.418,26.812,10.145,0.285,0.325,0.33,276,33,0.275,0.371,0.432,22.25,12.732,0.341,0.35,0.354,1618,-0.037,-0.048,-0.014,4.562,-2.587,-0.056,-0.025,-0.024
Christopher Morel,21897,0.211,0.287,0.38,35.032,8.28,0.305,0.296,0.319,157,26,0.223,0.301,0.419,29.283,9.215,0.277,0.312,0.324,1465,-0.011,-0.015,-0.039,5.749,-0.935,0.028,-0.016,-0.005
Coby Mayo,28312,0.139,0.225,0.167,30,10,0.208,0.19,0.253,40,23,0.098,0.196,0.098,47.826,8.696,0.211,0.152,0.222,46,0.041,0.029,0.069,-17.826,1.304,-0.002,0.038,0.031
Coco Montes,21547,0.2,0.2,0.2,30,0,0.286,0.178,0.251,10,28,0.184,0.244,0.316,29.268,4.878,0.24,0.247,0.201,41,0.016,-0.044,-0.116,0.732,-4.878,0.046,-0.07,0.05
Cody Bellinger,15998,0.255,0.327,0.446,15.589,9.886,0.269,0.334,0.343,263,29,0.261,0.316,0.446,19.463,7.343,0.289,0.325,0.302,1675,-0.005,0.011,-0,-3.873,2.543,-0.02,0.009,0.041
Cole Young,31680,0.222,0.243,0.25,29.73,2.703,0.32,0.221,0.23,37,21,NA,NA,NA,NA,NA,NA,NA,NA,NA,NA,NA,NA,NA,NA,NA,NA,NA
Colt Keith,27899,0.237,0.327,0.379,21.287,11.881,0.29,0.315,0.359,202,23,0.26,0.309,0.38,19.784,6.475,0.306,0.301,0.311,556,-0.022,0.017,-0.001,1.503,5.406,-0.016,0.014,0.048
Colton Cowser,29591,0.188,0.25,0.396,32.692,5.769,0.214,0.284,0.291,52,25,0.229,0.317,0.414,30.408,10.188,0.301,0.319,0.323,638,-0.041,-0.067,-0.018,2.285,-4.419,-0.086,-0.035,-0.032
Connor Joe,16572,0.204,0.245,0.265,24.528,5.66,0.27,0.228,0.26,53,32,0.238,0.333,0.384,21.993,10.996,0.295,0.318,0.307,1355,-0.034,-0.088,-0.118,2.536,-5.336,-0.025,-0.089,-0.047
Connor Norby,29592,0.253,0.291,0.38,28.571,3.429,0.345,0.296,0.297,175,25,0.236,0.294,0.438,32.99,7.732,0.311,0.316,0.316,194,0.017,-0.002,-0.059,-4.418,-4.303,0.034,-0.02,-0.019
Connor Wong,19896,0.153,0.265,0.153,23.529,11.765,0.209,0.21,0.306,68,29,0.255,0.31,0.402,27.907,5.814,0.34,0.31,0.281,946,-0.103,-0.046,-0.249,-4.378,5.951,-0.13,-0.1,0.025
Cooper Hummel,19458,0,0,0,100,0,NA,0,0,1,30,0.166,0.264,0.286,32.159,11.013,0.242,0.251,0.289,227,-0.166,-0.264,-0.286,67.841,-11.013,NA,-0.251,-0.289
Corbin Carroll,25878,0.26,0.339,0.576,23.588,8.638,0.285,0.389,0.394,301,24,0.258,0.34,0.469,19.806,9.557,0.292,0.348,0.33,1444,0.003,-0.001,0.107,3.782,-0.919,-0.007,0.041,0.064
Corey Seager,13624,0.238,0.314,0.392,20.126,10.063,0.267,0.309,0.38,159,31,0.28,0.35,0.524,16.57,9.238,0.287,0.369,0.39,1732,-0.042,-0.036,-0.133,3.555,0.825,-0.02,-0.059,-0.01
Curtis Mead,23986,0.217,0.284,0.337,25.49,5.882,0.266,0.279,0.3,102,24,0.244,0.3,0.312,22.768,5.804,0.314,0.274,0.277,224,-0.027,-0.016,0.025,2.722,0.079,-0.048,0.004,0.023
DJ LeMahieu,9874,0.279,0.372,0.397,19.231,12.821,0.333,0.346,0.345,78,36,0.244,0.33,0.362,17.355,10.969,0.279,0.308,0.327,1331,0.036,0.042,0.035,1.875,1.851,0.055,0.038,0.018
DaShawn Keirsey Jr.,24496,0.109,0.136,0.156,31.818,1.515,0.143,0.134,0.182,66,28,0.154,0.214,0.385,7.143,0,0.091,0.261,0.322,14,-0.044,-0.078,-0.228,24.675,1.515,0.052,-0.127,-0.14
Dairon Blanco,19779,0.167,0.167,0.333,25,0,0.25,0.211,0.175,8,32,0.258,0.316,0.422,24.074,6.667,0.324,0.32,0.292,270,-0.092,-0.149,-0.089,0.926,-6.667,-0.074,-0.109,-0.117
Dalton Rushing,31382,0.194,0.237,0.306,52.632,5.263,0.4,0.241,0.227,38,24,NA,NA,NA,NA,NA,NA,NA,NA,NA,NA,NA,NA,NA,NA,NA,NA,NA
Dane Myers,22054,0.302,0.352,0.431,24,6.4,0.386,0.346,0.349,125,29,0.265,0.315,0.407,30.899,5.618,0.368,0.313,0.313,178,0.036,0.037,0.024,-6.899,0.782,0.018,0.033,0.036
Daniel Johnson,19643,0.188,0.235,0.25,35.294,5.882,0.3,0.22,0.193,17,29,NA,NA,NA,NA,NA,NA,NA,NA,NA,NA,NA,NA,NA,NA,NA,NA,NA
Daniel Schneemann,25180,0.246,0.331,0.444,24.845,11.18,0.295,0.339,0.331,161,28,0.218,0.303,0.368,31.674,11.312,0.306,0.295,0.277,221,0.029,0.028,0.076,-6.829,-0.132,-0.011,0.043,0.054
Danny Jansen,16535,0.197,0.317,0.343,24.845,13.043,0.239,0.302,0.299,161,30,0.229,0.318,0.44,19.129,10.08,0.237,0.328,0.32,873,-0.032,-0.002,-0.097,5.715,2.963,0.002,-0.027,-0.021
Dansby Swanson,18314,0.242,0.293,0.423,27.491,7.216,0.294,0.31,0.343,291,31,0.255,0.323,0.419,24.909,8.77,0.316,0.324,0.335,1927,-0.014,-0.03,0.003,2.582,-1.554,-0.022,-0.014,0.008
Daulton Varsho,19918,0.207,0.24,0.543,31,5,0.196,0.321,0.321,100,28,0.223,0.293,0.413,24.733,8.244,0.262,0.307,0.288,1686,-0.017,-0.053,0.13,6.267,-3.244,-0.066,0.014,0.033
David Fry,24934,0.143,0.28,0.286,44,12,0.222,0.266,0.243,25,29,0.257,0.348,0.44,22.574,9.901,0.305,0.341,0.327,505,-0.114,-0.068,-0.155,21.426,2.099,-0.083,-0.075,-0.084
David Hamilton,27531,0.19,0.218,0.298,28.09,2.247,0.246,0.228,0.236,89,27,0.235,0.298,0.373,25.281,7.865,0.301,0.295,0.275,356,-0.045,-0.079,-0.075,2.809,-5.618,-0.056,-0.067,-0.039
David Villar,24782,0.2,0.36,0.25,20,16,0.267,0.297,0.343,25,28,0.2,0.288,0.4,32.402,8.38,0.257,0.301,0.296,358,0,0.072,-0.15,-12.402,7.62,0.01,-0.003,0.047
Davis Schneider,23565,0.172,0.368,0.276,31.579,21.053,0.25,0.313,0.267,38,26,0.211,0.311,0.402,31.429,11.429,0.281,0.312,0.307,595,-0.038,0.057,-0.126,0.15,9.624,-0.031,0.001,-0.04
Daylen Lile,29995,0.194,0.257,0.355,19.444,5.556,0.24,0.266,0.317,36,22,NA,NA,NA,NA,NA,NA,NA,NA,NA,NA,NA,NA,NA,NA,NA,NA,NA
Daz Cameron,18353,0.2,0.22,0.3,31.707,2.439,0.269,0.229,0.28,41,28,0.205,0.266,0.333,27.734,7.031,0.264,0.264,0.288,256,-0.005,-0.046,-0.033,3.973,-4.592,0.005,-0.036,-0.008
Denzel Clarke,29858,0.2,0.228,0.273,54.386,1.754,0.435,0.224,0.197,57,25,NA,NA,NA,NA,NA,NA,NA,NA,NA,NA,NA,NA,NA,NA,NA,NA,NA
Derek Hill,16947,0.233,0.3,0.37,35.366,7.317,0.357,0.298,0.291,82,29,0.226,0.262,0.346,30.255,4.14,0.304,0.266,0.263,314,0.007,0.038,0.024,5.111,3.177,0.053,0.033,0.028
Dillon Dingler,27464,0.283,0.313,0.455,27.692,2.564,0.365,0.334,0.336,195,26,0.167,0.195,0.31,34.483,3.448,0.245,0.217,0.278,87,0.117,0.117,0.145,-6.79,-0.884,0.12,0.117,0.058
Dom Nunez,15055,0.286,0.286,0.286,57.143,0,0.667,0.254,0.042,7,30,0.121,0.244,0.152,24.39,14.634,0.16,0.196,0.245,41,0.165,0.042,0.134,32.753,-14.634,0.507,0.058,-0.203
Dominic Canzone,26438,0.2,0.333,0.6,33.333,16.667,0.2,0.394,0.401,12,27,0.208,0.265,0.39,22.973,7.027,0.234,0.281,0.316,370,-0.008,0.068,0.21,10.36,9.64,-0.034,0.113,0.085
Dominic Smith,15653,0.32,0.345,0.48,20.69,6.897,0.35,0.347,0.305,29,30,0.239,0.315,0.358,19.522,8.325,0.287,0.299,0.311,1045,0.081,0.03,0.122,1.168,-1.429,0.063,0.048,-0.006
Donovan Solano,8623,0.195,0.237,0.253,22.581,4.301,0.242,0.221,0.269,93,37,0.284,0.353,0.397,21.261,7.62,0.355,0.331,0.328,1063,-0.088,-0.116,-0.144,1.32,-3.319,-0.112,-0.11,-0.059
Drake Baldwin,31539,0.288,0.338,0.477,16.901,7.042,0.307,0.356,0.362,142,24,NA,NA,NA,NA,NA,NA,NA,NA,NA,NA,NA,NA,NA,NA,NA,NA,NA
Drew Avans,25183,0.133,0.133,0.133,33.333,0,0.2,0.118,0.152,15,29,NA,NA,NA,NA,NA,NA,NA,NA,NA,NA,NA,NA,NA,NA,NA,NA,NA
Drew Waters,20505,0.269,0.307,0.359,26.705,3.977,0.37,0.295,0.277,176,26,0.229,0.306,0.396,32.903,8.817,0.327,0.307,0.302,465,0.04,0.001,-0.037,-6.199,-4.84,0.043,-0.012,-0.025
Dustin Harris,25705,0.2,0.263,0.343,28.947,7.895,0.261,0.27,0.264,38,25,NA,NA,NA,NA,NA,NA,NA,NA,NA,NA,NA,NA,NA,NA,NA,NA,NA
Dylan Carlson,20126,0.247,0.3,0.452,26.25,7.5,0.286,0.326,0.3,80,26,0.225,0.309,0.341,21.627,9.226,0.276,0.29,0.292,1008,0.022,-0.009,0.111,4.623,-1.726,0.009,0.036,0.008
Dylan Crews,33541,0.196,0.266,0.354,27.746,6.358,0.233,0.277,0.343,173,23,0.218,0.288,0.353,19.697,8.333,0.253,0.283,0.325,132,-0.022,-0.022,0.001,8.049,-1.975,-0.02,-0.006,0.018
Dylan Moore,18042,0.238,0.297,0.434,32.278,8.228,0.302,0.318,0.303,158,32,0.209,0.331,0.384,29.501,11.963,0.284,0.317,0.308,861,0.029,-0.034,0.049,2.778,-3.735,0.018,0.001,-0.005
Eddie Rosario,12155,0.125,0.125,0.125,25,0,0.167,0.111,0.349,8,33,0.221,0.268,0.381,24.163,6.063,0.261,0.28,0.283,1105,-0.096,-0.143,-0.256,0.837,-6.063,-0.095,-0.169,0.066
Edgar Quero,28022,0.274,0.349,0.319,17.105,9.211,0.336,0.305,0.292,152,22,NA,NA,NA,NA,NA,NA,NA,NA,NA,NA,NA,NA,NA,NA,NA,NA,NA
Edmundo Sosa,17022,0.277,0.324,0.362,19.417,5.825,0.338,0.305,0.323,103,29,0.247,0.296,0.411,24.869,3.403,0.311,0.306,0.294,764,0.029,0.028,-0.049,-5.452,2.422,0.027,-0.001,0.029
Edouard Julien,27534,0.198,0.288,0.319,27.885,10.577,0.262,0.275,0.337,104,26,0.235,0.343,0.399,32.44,13.681,0.334,0.329,0.32,709,-0.037,-0.055,-0.08,-4.555,-3.104,-0.072,-0.053,0.017
Eli White,19346,0.235,0.274,0.383,22.785,4.43,0.291,0.284,0.304,158,31,0.209,0.284,0.316,34.091,7.955,0.305,0.27,0.261,176,0.026,-0.01,0.066,-11.306,-3.524,-0.014,0.014,0.043
Elias Diaz,11680,0.216,0.283,0.309,23.529,7.843,0.27,0.268,0.257,153,34,0.255,0.304,0.389,21.383,6.28,0.306,0.302,0.285,1258,-0.039,-0.022,-0.08,2.146,1.563,-0.036,-0.034,-0.028
Elly De La Cruz,26668,0.261,0.342,0.46,27.119,10.508,0.325,0.346,0.354,295,23,0.25,0.324,0.447,32.235,9.261,0.35,0.332,0.318,1123,0.011,0.018,0.012,-5.116,1.248,-0.025,0.014,0.036
Emmanuel Rivera,19890,0.232,0.303,0.275,15.789,7.895,0.281,0.266,0.279,76,29,0.243,0.305,0.373,22.034,7.521,0.294,0.298,0.313,944,-0.011,-0.003,-0.098,-6.244,0.374,-0.013,-0.032,-0.034
Endy Rodriguez,25332,0.173,0.246,0.25,24.561,8.772,0.237,0.228,0.258,57,25,0.22,0.284,0.328,24.02,8.333,0.281,0.271,0.294,204,-0.047,-0.039,-0.078,0.542,0.439,-0.045,-0.043,-0.036
Enmanuel Valdez,21716,0.209,0.294,0.363,15.686,10.784,0.233,0.292,0.339,102,26,0.235,0.286,0.4,24.194,6.72,0.281,0.296,0.304,372,-0.027,0.008,-0.037,-8.507,4.064,-0.048,-0.004,0.035
Enrique Hernandez,10472,0.218,0.286,0.398,27.027,8.784,0.253,0.301,0.311,148,33,0.23,0.287,0.356,18.803,7.291,0.263,0.282,0.284,1303,-0.012,-0.002,0.042,8.224,1.493,-0.01,0.019,0.027
Eric Haase,14111,0.239,0.286,0.413,40,6,0.375,0.306,0.29,50,32,0.234,0.281,0.383,28.892,6.171,0.301,0.288,0.282,713,0.005,0.005,0.03,11.108,-0.171,0.074,0.018,0.008
Eric Wagaman,23395,0.249,0.296,0.367,17.814,6.478,0.29,0.292,0.337,247,27,0.25,0.27,0.403,22.973,2.703,0.302,0.29,0.302,74,-0.001,0.025,-0.036,-5.159,3.775,-0.012,0.002,0.035
Ernie Clement,20352,0.28,0.317,0.406,11.161,4.911,0.3,0.316,0.3,224,29,0.252,0.281,0.365,10.395,3.367,0.265,0.28,0.284,683,0.028,0.035,0.041,0.765,1.543,0.035,0.036,0.016
Eugenio Suarez,12552,0.233,0.305,0.514,25.806,7.168,0.242,0.35,0.356,279,33,0.241,0.325,0.439,29.852,9.781,0.308,0.331,0.331,1963,-0.008,-0.02,0.075,-4.046,-2.612,-0.066,0.019,0.025
Evan Carter,27790,0.293,0.369,0.534,15.385,9.231,0.295,0.392,0.368,65,22,0.223,0.316,0.447,28.27,11.392,0.275,0.328,0.3,237,0.07,0.053,0.088,-12.885,-2.162,0.021,0.065,0.068
Ezequiel Duran,23733,0.108,0.171,0.135,31.707,0,0.16,0.149,0.234,41,26,0.257,0.302,0.388,25.106,5.191,0.327,0.301,0.284,944,-0.149,-0.131,-0.253,6.601,-5.191,-0.167,-0.152,-0.05
Ezequiel Tovar,24064,0.258,0.301,0.406,21.739,5.072,0.316,0.31,0.362,138,23,0.26,0.29,0.437,27.881,3.717,0.334,0.311,0.29,1345,-0.002,0.011,-0.031,-6.142,1.355,-0.018,-0.001,0.072
Fernando Tatis Jr.,19709,0.259,0.342,0.454,18.31,10.563,0.278,0.347,0.378,284,26,0.265,0.329,0.467,22.088,7.922,0.305,0.343,0.373,1073,-0.006,0.012,-0.012,-3.778,2.642,-0.027,0.004,0.005
Francisco Alvarez,26121,0.248,0.331,0.333,27.966,9.322,0.343,0.302,0.297,118,23,0.221,0.294,0.423,25.674,8.472,0.252,0.31,0.3,779,0.027,0.037,-0.09,2.292,0.85,0.091,-0.008,-0.003
Francisco Lindor,12916,0.279,0.35,0.48,17.32,7.843,0.295,0.358,0.347,306,31,0.266,0.34,0.473,19.068,8.694,0.291,0.35,0.352,2082,0.013,0.01,0.007,-1.748,-0.85,0.003,0.008,-0.005
Freddie Freeman,5361,0.347,0.417,0.579,19.433,10.526,0.407,0.422,0.396,247,35,0.314,0.399,0.52,15.559,11.272,0.347,0.391,0.394,2076,0.033,0.018,0.058,3.874,-0.745,0.061,0.031,0.002
Freddy Fermin,21840,0.257,0.3,0.336,16.529,4.959,0.297,0.281,0.274,121,30,0.275,0.319,0.403,19.237,5.97,0.32,0.313,0.3,603,-0.019,-0.019,-0.067,-2.708,-1.011,-0.023,-0.032,-0.026
Gabriel Arias,22563,0.239,0.3,0.362,29.046,6.224,0.329,0.294,0.299,241,25,0.212,0.274,0.35,32.327,7.46,0.296,0.274,0.294,563,0.027,0.026,0.013,-3.281,-1.236,0.033,0.02,0.005
Gabriel Moreno,22664,0.277,0.333,0.428,16.667,7.222,0.313,0.335,0.341,180,25,0.28,0.347,0.393,16.791,9.204,0.324,0.325,0.317,804,-0.003,-0.014,0.035,-0.124,-1.982,-0.011,0.01,0.024
Gage Workman,27573,0.188,0.235,0.25,41.176,5.882,0.333,0.22,0.331,17,25,NA,NA,NA,NA,NA,NA,NA,NA,NA,NA,NA,NA,NA,NA,NA,NA,NA
Garrett Hampson,19262,0.167,0.31,0.188,26.667,16.667,0.25,0.249,0.256,60,30,0.24,0.305,0.33,26.657,8.181,0.33,0.283,0.266,709,-0.073,0.005,-0.143,0.009,8.486,-0.08,-0.034,-0.01
Garrett Mitchell,27555,0.206,0.286,0.294,32.051,8.974,0.318,0.263,0.292,78,26,0.264,0.343,0.463,34.247,10.411,0.389,0.349,0.298,365,-0.058,-0.057,-0.169,-2.195,-1.437,-0.071,-0.086,-0.006
Gary Sanchez,11442,0.1,0.2,0.1,34.286,2.857,0.158,0.158,0.254,35,32,0.212,0.291,0.412,27.407,8.644,0.248,0.305,0.323,1018,-0.112,-0.091,-0.312,6.879,-5.787,-0.09,-0.147,-0.069
Gavin Lux,19955,0.28,0.366,0.39,24.229,11.894,0.378,0.339,0.317,227,27,0.263,0.333,0.391,21.399,9.499,0.326,0.319,0.316,958,0.017,0.033,-0.001,2.83,2.395,0.052,0.02,0.001
Gavin Sheets,19901,0.251,0.307,0.455,22.944,6.926,0.282,0.331,0.336,231,29,0.227,0.291,0.368,20.558,7.809,0.262,0.288,0.289,1255,0.024,0.017,0.087,2.386,-0.882,0.02,0.043,0.047
George Springer,12856,0.259,0.366,0.488,22.4,14,0.301,0.369,0.398,250,35,0.248,0.324,0.414,18.085,9.255,0.274,0.323,0.332,1880,0.01,0.042,0.074,4.315,4.745,0.026,0.046,0.066
Geraldo Perdomo,22799,0.264,0.36,0.414,11.684,13.058,0.271,0.341,0.327,291,25,0.235,0.326,0.328,17.86,10.846,0.283,0.295,0.275,1383,0.029,0.034,0.087,-6.176,2.212,-0.013,0.046,0.052
Gio Urshela,10681,0.224,0.276,0.337,15.888,6.542,0.272,0.272,0.306,107,33,0.275,0.317,0.393,16.452,5.968,0.312,0.309,0.309,1240,-0.05,-0.041,-0.056,-0.564,0.574,-0.04,-0.037,-0.003
Gleyber Torres,16997,0.267,0.373,0.383,11.885,13.525,0.287,0.341,0.395,244,28,0.263,0.33,0.427,19.015,8.958,0.296,0.329,0.33,1909,0.004,0.043,-0.043,-7.13,4.567,-0.009,0.013,0.065
Graham Pauley,31363,0.21,0.261,0.284,23.596,6.742,0.279,0.245,0.278,89,24,0.125,0.125,0.312,46.875,0,0.133,0.183,0.213,32,0.085,0.136,-0.029,-23.279,6.742,0.145,0.062,0.065
Greg Jones,25448,0,0,0,100,0,NA,0,0,2,27,NA,NA,NA,NA,NA,NA,NA,NA,NA,NA,NA,NA,NA,NA,NA,NA,NA
Griffin Conine,21626,0.281,0.352,0.438,26.761,9.859,0.386,0.348,0.331,71,27,0.268,0.326,0.451,31.461,6.742,0.373,0.337,0.289,89,0.013,0.026,-0.014,-4.7,3.118,0.014,0.011,0.042
Gunnar Henderson,26289,0.274,0.336,0.443,26.255,8.108,0.354,0.34,0.323,259,24,0.268,0.346,0.504,23.897,10.183,0.315,0.363,0.359,1473,0.006,-0.01,-0.061,2.358,-2.075,0.039,-0.023,-0.036
Gustavo Campero,22707,0.2,0.333,0.2,16.667,16.667,0.25,0.264,0.296,12,27,0.239,0.271,0.348,16.667,0,0.27,0.271,0.251,48,-0.039,0.062,-0.148,0,16.667,-0.02,-0.007,0.045
Harrison Bader,18030,0.255,0.342,0.412,23.158,8.947,0.308,0.335,0.301,190,31,0.239,0.284,0.36,19.744,4.845,0.278,0.281,0.284,1094,0.016,0.058,0.052,3.414,4.103,0.03,0.054,0.017
Hayden Senger,21489,0.179,0.207,0.214,31.034,3.448,0.263,0.19,0.292,29,28,NA,NA,NA,NA,NA,NA,NA,NA,NA,NA,NA,NA,NA,NA,NA,NA,NA
Heliot Ramos,22515,0.295,0.365,0.481,23.208,8.532,0.355,0.367,0.35,293,25,0.254,0.308,0.439,26.833,7.167,0.315,0.321,0.328,600,0.04,0.057,0.041,-3.625,1.366,0.04,0.046,0.022
Henry Davis,29617,0.198,0.258,0.36,21.875,6.25,0.213,0.274,0.331,96,25,0.191,0.283,0.307,30.239,10.08,0.262,0.263,0.27,377,0.006,-0.025,0.053,-8.364,-3.83,-0.049,0.011,0.061
Heriberto Hernandez,24878,0.417,0.44,0.625,24,4,0.529,0.461,0.471,25,25,NA,NA,NA,NA,NA,NA,NA,NA,NA,NA,NA,NA,NA,NA,NA,NA,NA
Heston Kjerstad,31166,0.192,0.24,0.327,26.946,3.593,0.241,0.25,0.303,167,26,0.248,0.336,0.411,29.252,8.163,0.325,0.325,0.31,147,-0.056,-0.096,-0.084,-2.306,-4.57,-0.084,-0.074,-0.007
Hunter Feduccia,23372,0,0.333,0,33.333,33.333,0,0.231,0.315,3,28,0.333,0.429,0.333,14.286,14.286,0.4,0.35,0.28,14,-0.333,-0.095,-0.333,19.048,19.048,-0.4,-0.119,0.035
Hunter Goodman,29715,0.287,0.332,0.51,25.283,5.283,0.353,0.363,0.331,265,25,0.192,0.233,0.409,29.236,4.319,0.219,0.272,0.275,301,0.095,0.1,0.101,-3.953,0.964,0.134,0.091,0.056
Hunter Renfroe,15464,0.182,0.241,0.242,19.444,7.407,0.228,0.22,0.261,108,33,0.239,0.304,0.436,22.088,7.965,0.269,0.32,0.301,1494,-0.058,-0.063,-0.193,-2.644,-0.558,-0.041,-0.099,-0.04
Hyeseong Kim,35322,0.391,0.435,0.562,20.29,5.797,0.479,0.434,0.334,69,26,NA,NA,NA,NA,NA,NA,NA,NA,NA,NA,NA,NA,NA,NA,NA,NA,NA
Ian Happ,17919,0.251,0.339,0.393,22.615,11.661,0.309,0.326,0.344,283,30,0.254,0.348,0.437,23.63,11.916,0.311,0.342,0.334,1989,-0.003,-0.009,-0.045,-1.015,-0.255,-0.002,-0.016,0.01
Ildemaro Vargas,13324,0.091,0.091,0.091,36.364,0,0.143,0.081,0.159,11,33,0.253,0.299,0.354,9.125,5.672,0.268,0.287,0.281,811,-0.162,-0.208,-0.263,27.239,-5.672,-0.126,-0.206,-0.122
Isaac Collins,25477,0.241,0.358,0.353,22.464,13.768,0.313,0.325,0.319,138,27,0.118,0.211,0.118,52.632,10.526,0.286,0.165,0.161,19,0.124,0.147,0.236,-30.168,3.242,0.028,0.159,0.158
Isaac Paredes,20036,0.255,0.353,0.478,17.123,12.329,0.261,0.363,0.342,292,26,0.234,0.338,0.437,17.326,11.174,0.243,0.339,0.306,1593,0.021,0.014,0.041,-0.203,1.155,0.017,0.024,0.036
Isiah Kiner-Falefa,16512,0.297,0.348,0.375,15.385,5.288,0.352,0.323,0.302,208,30,0.259,0.309,0.349,15.85,5.692,0.298,0.29,0.289,1388,0.038,0.039,0.026,-0.466,-0.403,0.054,0.033,0.013
Ivan Herrera,20599,0.308,0.383,0.531,19.463,10.067,0.344,0.394,0.371,149,25,0.289,0.365,0.398,22.154,9.846,0.367,0.337,0.349,325,0.019,0.017,0.133,-2.691,0.221,-0.023,0.057,0.022
J.C. Escarra,20084,0.237,0.333,0.373,13.043,11.594,0.26,0.316,0.314,69,30,NA,NA,NA,NA,NA,NA,NA,NA,NA,NA,NA,NA,NA,NA,NA,NA,NA
J.D. Davis,16219,0.111,0.111,0.111,33.333,0,0.167,0.099,0.121,9,32,0.244,0.326,0.403,29.307,9.644,0.324,0.32,0.327,1068,-0.133,-0.214,-0.292,4.026,-9.644,-0.158,-0.221,-0.206
J.P. Crawford,15491,0.279,0.396,0.384,18.545,15.636,0.341,0.354,0.363,275,30,0.24,0.345,0.37,18.144,12.648,0.282,0.32,0.323,1692,0.039,0.051,0.014,0.401,2.989,0.059,0.035,0.04
J.T. Realmuto,11739,0.234,0.301,0.359,23.581,8.297,0.293,0.293,0.324,229,34,0.264,0.325,0.455,23.696,6.799,0.317,0.336,0.342,1515,-0.03,-0.024,-0.096,-0.116,1.498,-0.023,-0.043,-0.018
JJ Bleday,26368,0.201,0.299,0.37,21.327,12.322,0.226,0.297,0.287,211,27,0.216,0.311,0.391,22.316,11.75,0.255,0.309,0.304,1183,-0.015,-0.013,-0.022,-0.989,0.572,-0.029,-0.012,-0.017
Jac Caglianone,35041,0.216,0.216,0.27,21.622,0,0.276,0.213,0.329,37,22,NA,NA,NA,NA,NA,NA,NA,NA,NA,NA,NA,NA,NA,NA,NA,NA,NA
Jace Jung,31437,0.111,0.245,0.111,28.302,13.208,0.167,0.189,0.255,53,24,0.241,0.362,0.304,30.851,15.957,0.38,0.308,0.293,94,-0.129,-0.116,-0.193,-2.549,-2.75,-0.213,-0.119,-0.038
Jack Suwinski,22244,0.128,0.244,0.154,42.222,13.333,0.25,0.188,0.313,45,26,0.207,0.309,0.409,30.854,12.088,0.258,0.313,0.321,1183,-0.079,-0.064,-0.255,11.368,1.245,-0.008,-0.124,-0.008
Jack Winkler,29830,0,0,0,40,0,0,0,0.288,5,26,NA,NA,NA,NA,NA,NA,NA,NA,NA,NA,NA,NA,NA,NA,NA,NA,NA
Jackson Chourio,28806,0.257,0.282,0.453,20.455,3.247,0.288,0.317,0.303,308,21,0.275,0.327,0.464,21.117,6.806,0.32,0.339,0.328,573,-0.018,-0.044,-0.011,-0.662,-3.56,-0.031,-0.021,-0.025
Jackson Holliday,31781,0.265,0.316,0.43,23.887,5.263,0.325,0.327,0.334,247,21,0.189,0.255,0.311,33.173,7.212,0.265,0.251,0.258,208,0.076,0.061,0.12,-9.286,-1.948,0.06,0.076,0.076
Jackson Merrill,29490,0.303,0.343,0.479,21.91,5.618,0.366,0.355,0.37,178,22,0.292,0.326,0.5,17.032,4.89,0.318,0.352,0.369,593,0.011,0.017,-0.021,4.878,0.728,0.048,0.004,0.001
Jacob Amaya,23296,0.097,0.119,0.113,22.059,2.941,0.12,0.106,0.195,68,26,0.176,0.222,0.191,38.889,5.556,0.3,0.19,0.202,72,-0.08,-0.103,-0.078,-16.83,-2.614,-0.18,-0.084,-0.007
Jacob Hurtubise,27599,0.083,0.267,0.083,40,6.667,0.167,0.202,0.259,15,27,0.185,0.297,0.241,26.471,8.824,0.27,0.253,0.265,68,-0.102,-0.03,-0.157,13.529,-2.157,-0.104,-0.051,-0.006
Jacob Melton,31661,0.185,0.241,0.185,41.379,6.897,0.333,0.201,0.212,29,24,NA,NA,NA,NA,NA,NA,NA,NA,NA,NA,NA,NA,NA,NA,NA,NA,NA
Jacob Stallings,13723,0.143,0.217,0.179,33.333,5.376,0.226,0.19,0.223,93,35,0.225,0.308,0.337,22.848,8.82,0.283,0.289,0.284,941,-0.082,-0.09,-0.159,10.485,-3.444,-0.057,-0.099,-0.061
Jacob Wilson,33266,0.366,0.402,0.52,5.882,5.147,0.368,0.401,0.328,272,23,0.25,0.314,0.315,9.709,7.767,0.277,0.281,0.287,103,0.116,0.088,0.204,-3.826,-2.62,0.091,0.12,0.041
Jacob Young,29931,0.237,0.313,0.288,14.074,8.148,0.283,0.276,0.303,135,25,0.256,0.317,0.332,19.315,6.231,0.32,0.29,0.285,642,-0.018,-0.004,-0.044,-5.241,1.918,-0.037,-0.014,0.018
Jahmai Jones,18872,0.5,0.5,1,25,0,0.6,0.64,0.392,8,27,0.231,0.298,0.365,36.207,5.172,0.367,0.293,0.259,58,0.269,0.202,0.635,-11.207,-5.172,0.233,0.347,0.133
Jake Bauers,15194,0.229,0.324,0.438,33.333,12.613,0.309,0.331,0.364,111,29,0.2,0.291,0.384,34.466,10.68,0.274,0.296,0.317,618,0.029,0.033,0.053,-1.133,1.933,0.035,0.035,0.047
Jake Burger,22275,0.225,0.255,0.421,25.455,2.727,0.255,0.292,0.333,220,29,0.25,0.304,0.484,27.266,5.607,0.293,0.335,0.344,1302,-0.025,-0.05,-0.063,-1.811,-2.879,-0.038,-0.044,-0.011
Jake Cronenworth,18036,0.237,0.367,0.385,21.557,15.569,0.289,0.34,0.313,167,31,0.237,0.323,0.387,18.582,9.506,0.272,0.312,0.315,1862,0,0.044,-0.001,2.975,6.063,0.016,0.027,-0.002
Jake Fraley,19260,0.214,0.331,0.388,17.355,14.876,0.221,0.323,0.331,121,30,0.265,0.337,0.427,19.326,8.821,0.304,0.332,0.313,1009,-0.051,-0.006,-0.038,-1.971,6.055,-0.083,-0.009,0.018
Jake Mangum,26202,0.304,0.339,0.366,13.445,5.042,0.347,0.314,0.291,119,29,NA,NA,NA,NA,NA,NA,NA,NA,NA,NA,NA,NA,NA,NA,NA,NA,NA
Jake McCarthy,21622,0.073,0.17,0.098,12.766,8.511,0.083,0.139,0.232,47,27,0.273,0.339,0.389,18.605,6.891,0.328,0.321,0.302,1161,-0.2,-0.168,-0.291,-5.839,1.62,-0.245,-0.182,-0.07
Jake Meyers,20308,0.289,0.346,0.393,17.597,8.155,0.345,0.328,0.333,233,29,0.223,0.287,0.36,25.542,6.706,0.281,0.284,0.289,1014,0.066,0.059,0.034,-7.946,1.448,0.064,0.044,0.044
Jake Rogers,19452,0.105,0.209,0.158,23.256,11.628,0.143,0.18,0.253,43,30,0.209,0.271,0.399,30.912,7.123,0.259,0.289,0.309,702,-0.104,-0.062,-0.241,-7.656,4.505,-0.117,-0.109,-0.056
James Outman,24770,0.125,0.222,0.375,48.148,11.111,0.111,0.264,0.333,27,28,0.231,0.337,0.408,32.882,11.637,0.323,0.328,0.316,739,-0.106,-0.115,-0.033,15.266,-0.526,-0.212,-0.064,0.017
James Wood,29518,0.281,0.374,0.531,27.273,12.795,0.348,0.389,0.4,297,22,0.264,0.354,0.427,28.869,11.607,0.365,0.342,0.348,336,0.017,0.02,0.104,-1.596,1.187,-0.017,0.047,0.052
Jared Triolo,25807,0.187,0.279,0.299,15.323,10.484,0.207,0.264,0.318,124,27,0.242,0.325,0.341,27.634,10.076,0.327,0.299,0.3,655,-0.055,-0.047,-0.042,-12.311,0.408,-0.12,-0.035,0.018
Jared Young,20404,0.174,0.269,0.478,26.923,7.692,0.143,0.324,0.302,26,29,0.21,0.29,0.435,28.986,8.696,0.275,0.31,0.289,69,-0.036,-0.021,0.043,-2.062,-1.003,-0.132,0.013,0.013
Jarred Kelenic,22558,0.167,0.231,0.3,35.385,7.692,0.229,0.238,0.297,65,25,0.224,0.291,0.39,31.166,8.509,0.301,0.295,0.312,1046,-0.057,-0.06,-0.09,4.218,-0.816,-0.073,-0.057,-0.015
Jarren Duran,24617,0.271,0.325,0.428,23.313,6.135,0.345,0.329,0.322,326,28,0.277,0.333,0.467,23.712,6.97,0.348,0.344,0.323,1320,-0.006,-0.008,-0.039,-0.399,-0.835,-0.002,-0.015,-0.001
Jason Heyward,4940,0.176,0.223,0.271,21.053,6.316,0.197,0.219,0.25,95,35,0.237,0.311,0.415,18.957,8.524,0.264,0.314,0.302,786,-0.061,-0.087,-0.144,2.096,-2.208,-0.067,-0.095,-0.052
Jasson Dominguez,28080,0.24,0.333,0.393,29.577,12.207,0.325,0.323,0.322,213,22,0.207,0.31,0.437,27,13,0.222,0.324,0.322,100,0.034,0.023,-0.043,2.577,-0.793,0.103,-0.001,0.001
Javier Baez,12979,0.274,0.302,0.416,23.415,2.439,0.336,0.315,0.29,205,32,0.221,0.262,0.347,23.913,4.348,0.27,0.266,0.277,1426,0.053,0.04,0.069,-0.498,-1.909,0.065,0.049,0.013
Javier Sanoja,28253,0.248,0.293,0.343,15.033,6.536,0.284,0.281,0.294,153,22,0.229,0.25,0.286,11.111,2.778,0.258,0.236,0.227,36,0.02,0.043,0.057,3.922,3.758,0.026,0.045,0.067
Jazz Chisholm Jr.,20454,0.214,0.323,0.45,29.677,11.613,0.244,0.338,0.347,155,27,0.254,0.318,0.461,26.988,8.032,0.309,0.334,0.319,1245,-0.04,0.005,-0.011,2.689,3.581,-0.065,0.005,0.028
Jeff McNeil,15362,0.27,0.363,0.548,8.889,12.593,0.245,0.384,0.345,135,33,0.281,0.343,0.406,11.352,6.671,0.303,0.329,0.302,1709,-0.011,0.02,0.142,-2.463,5.922,-0.058,0.055,0.043
Jeimer Candelario,13621,0.112,0.198,0.212,31.868,9.89,0.137,0.191,0.217,91,31,0.232,0.298,0.423,23.24,7.171,0.27,0.312,0.298,1506,-0.12,-0.101,-0.211,8.628,2.719,-0.133,-0.121,-0.081
Jerar Encarnacion,21871,0.059,0.059,0.059,23.529,0,0.077,0.052,0.165,17,27,0.221,0.25,0.389,33,4,0.288,0.275,0.299,200,-0.162,-0.191,-0.331,-9.471,-4,-0.211,-0.223,-0.134
Jeremy Pena,21636,0.324,0.378,0.489,14.533,5.536,0.357,0.378,0.334,289,27,0.261,0.307,0.399,20.358,4.886,0.308,0.308,0.308,1842,0.063,0.071,0.089,-5.825,0.65,0.049,0.07,0.026
Jesse Winker,13590,0.239,0.321,0.418,25.641,11.538,0.312,0.315,0.3,78,31,0.23,0.346,0.354,20.767,13.818,0.277,0.316,0.329,1252,0.009,-0.026,0.064,4.874,-2.279,0.036,-0.001,-0.029
Jesus Sanchez,19913,0.259,0.337,0.394,22.798,10.363,0.317,0.324,0.342,193,27,0.242,0.309,0.423,26.443,8.19,0.302,0.317,0.332,1282,0.017,0.028,-0.029,-3.645,2.172,0.015,0.007,0.01
Jhonkensy Noel,24257,0.146,0.168,0.223,31.776,2.804,0.191,0.173,0.184,107,23,0.218,0.288,0.486,31.818,6.566,0.25,0.331,0.323,198,-0.072,-0.12,-0.263,-0.042,-3.762,-0.059,-0.157,-0.139
Jhonny Pereda,19802,0.175,0.283,0.225,28.261,13.043,0.259,0.242,0.242,46,29,0.231,0.25,0.231,25,0,0.31,0.216,0.246,40,-0.056,0.033,-0.006,3.261,13.043,-0.051,0.026,-0.004
Ji Hwan Bae,23818,0.091,0.167,0.091,41.667,8.333,0.167,0.132,0.257,12,25,0.231,0.296,0.304,24.949,7.771,0.312,0.269,0.267,489,-0.14,-0.13,-0.213,16.718,0.562,-0.146,-0.138,-0.01
Jo Adell,20220,0.223,0.296,0.473,24.631,5.911,0.231,0.334,0.379,203,26,0.213,0.273,0.395,32.331,6.266,0.28,0.29,0.283,798,0.009,0.023,0.077,-7.7,-0.354,-0.049,0.045,0.096
Joc Pederson,11899,0.131,0.269,0.238,19.178,13.699,0.152,0.243,0.312,146,33,0.262,0.365,0.485,22.494,11.783,0.3,0.366,0.368,1307,-0.13,-0.096,-0.247,-3.316,1.916,-0.148,-0.122,-0.056
Joey Bart,21524,0.24,0.347,0.308,23.529,12.353,0.324,0.304,0.337,170,28,0.235,0.308,0.391,31.138,7.635,0.315,0.309,0.303,668,0.005,0.039,-0.083,-7.608,4.718,0.008,-0.005,0.034
Joey Ortiz,25493,0.19,0.26,0.256,16.596,7.234,0.224,0.238,0.285,235,26,0.237,0.321,0.387,20.55,10.275,0.283,0.311,0.302,545,-0.047,-0.061,-0.131,-3.955,-3.041,-0.059,-0.073,-0.017
Johan Rojas,24336,0.23,0.282,0.31,25.781,7.031,0.309,0.264,0.255,128,24,0.261,0.298,0.355,21.063,3.416,0.329,0.287,0.255,527,-0.031,-0.016,-0.046,4.719,3.616,-0.02,-0.023,-0
John Rave,26284,0.227,0.292,0.318,36,8,0.385,0.274,0.235,25,27,NA,NA,NA,NA,NA,NA,NA,NA,NA,NA,NA,NA,NA,NA,NA,NA,NA
Johnathan Rodriguez,22530,0.176,0.222,0.235,44.444,5.556,0.333,0.208,0.206,18,25,0.129,0.325,0.161,35,22.5,0.235,0.253,0.257,40,0.047,-0.103,0.074,9.444,-16.944,0.098,-0.045,-0.051
Jon Berti,12037,0.224,0.28,0.25,21.951,4.878,0.293,0.245,0.291,82,35,0.268,0.335,0.368,19.956,8.537,0.33,0.311,0.315,902,-0.045,-0.054,-0.118,1.996,-3.659,-0.037,-0.066,-0.024
Jonah Bride,24703,0.172,0.245,0.192,31.818,8.182,0.262,0.203,0.228,110,29,0.232,0.325,0.342,19.292,10.619,0.27,0.299,0.297,565,-0.061,-0.08,-0.15,12.526,-2.438,-0.008,-0.095,-0.069
Jonah Heim,16930,0.235,0.275,0.382,24.176,4.945,0.273,0.288,0.283,182,30,0.235,0.294,0.39,18.932,7.42,0.262,0.298,0.298,1442,0,-0.019,-0.008,5.244,-2.475,0.011,-0.011,-0.015
Jonatan Clase,26599,0.217,0.289,0.304,27.273,9.091,0.298,0.27,0.304,77,23,0.246,0.303,0.328,25.758,4.545,0.326,0.283,0.217,66,-0.029,-0.014,-0.024,1.515,4.545,-0.028,-0.013,0.087
Jonathan Aranda,21837,0.314,0.403,0.475,23.529,10.504,0.399,0.386,0.393,238,27,0.222,0.309,0.382,25.826,9.91,0.276,0.303,0.314,333,0.092,0.094,0.093,-2.296,0.594,0.122,0.083,0.079
Jonathan India,21523,0.252,0.336,0.34,14.022,10.332,0.286,0.306,0.342,271,28,0.247,0.343,0.393,20.539,10.207,0.292,0.326,0.334,1597,0.005,-0.007,-0.053,-6.516,0.125,-0.006,-0.02,0.008
Jonathan Ornelas,24597,0,0.167,0,50,16.667,0,0.116,0.164,6,25,0.216,0.256,0.27,32.5,5,0.333,0.235,0.244,40,-0.216,-0.09,-0.27,17.5,11.667,-0.333,-0.12,-0.08
Jonny DeLuca,26365,0.435,0.48,0.522,16,8,0.526,0.44,0.313,25,26,0.222,0.281,0.342,20.885,6.634,0.267,0.275,0.272,407,0.213,0.199,0.179,-4.885,1.366,0.259,0.165,0.041
Jorbit Vivas,23917,0.156,0.255,0.267,20.755,7.547,0.182,0.243,0.297,53,24,NA,NA,NA,NA,NA,NA,NA,NA,NA,NA,NA,NA,NA,NA,NA,NA,NA
Jordan Beck,31431,0.265,0.322,0.469,26.957,6.957,0.338,0.343,0.334,230,24,0.188,0.245,0.276,35.326,6.522,0.282,0.231,0.263,184,0.077,0.077,0.193,-8.37,0.435,0.056,0.112,0.071
Jordan Lawlar,29976,0,0.136,0,40.909,13.636,0,0.095,0.172,22,22,0.129,0.206,0.129,32.353,5.882,0.2,0.166,0.189,34,-0.129,-0.07,-0.129,8.556,7.754,-0.2,-0.072,-0.017
Jordan Walker,27475,0.215,0.273,0.31,33.14,6.395,0.313,0.262,0.28,172,23,0.255,0.317,0.423,23.95,7.309,0.31,0.321,0.317,643,-0.04,-0.044,-0.113,9.189,-0.914,0.003,-0.059,-0.037
Jordan Westburg,27815,0.223,0.279,0.447,22.523,5.405,0.236,0.316,0.337,111,26,0.263,0.312,0.455,22.667,5.63,0.315,0.329,0.34,675,-0.04,-0.032,-0.009,-0.144,-0.224,-0.079,-0.014,-0.003
Jordyn Adams,23788,0,0,0,0,0,0,0,0.117,1,25,0.176,0.205,0.216,35.897,3.846,0.261,0.188,0.239,78,-0.176,-0.205,-0.216,-35.897,-3.846,-0.261,-0.188,-0.122
Jorge Barrosa,23968,0.2,0.188,0.333,31.25,0,0.273,0.214,0.213,16,24,0.176,0.176,0.294,11.111,0,0.2,0.199,0.337,18,0.024,0.011,0.039,20.139,0,0.073,0.014,-0.124
Jorge Mateo,17273,0.18,0.231,0.279,35.385,6.154,0.27,0.229,0.231,65,30,0.221,0.267,0.371,25.39,5.408,0.277,0.277,0.277,1091,-0.041,-0.036,-0.092,9.995,0.746,-0.007,-0.048,-0.046
Jorge Polanco,13152,0.262,0.31,0.464,12.626,5.556,0.255,0.336,0.368,198,31,0.232,0.325,0.399,25.457,11.615,0.282,0.318,0.337,1257,0.03,-0.015,0.065,-12.831,-6.059,-0.027,0.019,0.031
Jorge Soler,14221,0.214,0.289,0.368,28.34,8.502,0.271,0.292,0.295,247,33,0.238,0.33,0.461,25.479,11.301,0.277,0.341,0.352,1460,-0.024,-0.042,-0.093,2.861,-2.799,-0.006,-0.049,-0.057
Jose Altuve,5417,0.275,0.321,0.416,16.245,6.859,0.299,0.32,0.291,277,35,0.3,0.374,0.492,16.333,9.257,0.332,0.375,0.333,1696,-0.026,-0.053,-0.076,-0.087,-2.398,-0.033,-0.054,-0.042
Jose Azocar,18821,0.278,0.35,0.278,5,10,0.294,0.292,NA,20,29,0.243,0.287,0.322,21.914,5.29,0.313,0.27,0.279,397,0.035,0.063,-0.045,-16.914,4.71,-0.019,0.022,NA
Jose Barrero,23378,0.15,0.19,0.35,33.333,0,0.167,0.236,0.186,21,27,0.181,0.241,0.258,37.152,7.43,0.286,0.226,0.225,323,-0.031,-0.051,0.092,-3.818,-7.43,-0.119,0.01,-0.039
Jose Caballero,23401,0.237,0.328,0.362,29.714,11.429,0.343,0.31,0.289,175,28,0.225,0.305,0.338,26.081,7.208,0.296,0.287,0.279,763,0.012,0.022,0.024,3.633,4.22,0.048,0.022,0.01
Jose Herrera,17040,0.167,0.294,0.25,26.374,14.286,0.234,0.259,0.237,91,28,0.207,0.278,0.259,25.419,8.659,0.288,0.246,0.231,358,-0.04,0.016,-0.009,0.955,5.626,-0.054,0.013,0.006
Jose Iglesias,10231,0.246,0.311,0.287,15.328,5.839,0.294,0.274,0.266,137,35,0.309,0.348,0.406,12.533,3.826,0.347,0.331,0.294,758,-0.063,-0.037,-0.119,2.795,2.014,-0.053,-0.057,-0.028
Jose Miranda,20538,0.167,0.167,0.25,36.111,0,0.227,0.181,0.206,36,27,0.266,0.315,0.414,17.011,5.169,0.301,0.318,0.307,1064,-0.1,-0.148,-0.164,19.1,-5.169,-0.074,-0.136,-0.101
Jose Ramirez,13510,0.331,0.391,0.547,10.507,8.696,0.332,0.397,0.368,276,32,0.28,0.349,0.509,11.516,9.524,0.276,0.358,0.336,2058,0.051,0.043,0.038,-1.009,-0.828,0.055,0.04,0.032
Jose Siri,17452,0.05,0.208,0.1,33.333,16.667,0.083,0.168,0.245,24,29,0.206,0.262,0.4,35.884,6.245,0.277,0.285,0.287,1137,-0.156,-0.054,-0.3,-2.551,10.422,-0.194,-0.117,-0.042
Jose Tena,23691,0.248,0.324,0.372,20,10.345,0.317,0.309,0.321,145,24,0.26,0.297,0.344,26.733,4.95,0.348,0.283,0.294,202,-0.012,0.027,0.028,-6.733,5.394,-0.031,0.026,0.027
Jose Trevino,16725,0.295,0.328,0.496,12.319,5.072,0.312,0.355,0.289,138,32,0.23,0.279,0.361,16.556,5.695,0.248,0.281,0.276,755,0.065,0.05,0.135,-4.237,-0.623,0.064,0.074,0.013
Josh Bell,13145,0.178,0.27,0.335,20.27,9.91,0.182,0.273,0.328,222,32,0.254,0.336,0.415,19.068,10.445,0.29,0.328,0.335,1867,-0.076,-0.066,-0.08,1.202,-0.535,-0.108,-0.055,-0.007
Josh Jung,26299,0.262,0.309,0.407,23.729,5.932,0.323,0.315,0.333,236,27,0.257,0.301,0.45,29.565,5.217,0.329,0.322,0.32,805,0.005,0.009,-0.042,-5.836,0.715,-0.006,-0.007,0.013
Josh Lowe,19953,0.239,0.307,0.402,21.782,8.911,0.284,0.313,0.34,101,27,0.261,0.314,0.433,28.821,7.182,0.347,0.32,0.312,1086,-0.022,-0.007,-0.031,-7.039,1.729,-0.063,-0.007,0.028
Josh Naylor,18839,0.302,0.357,0.468,12.59,7.914,0.322,0.359,0.351,278,28,0.267,0.33,0.465,15.56,7.934,0.279,0.338,0.336,1626,0.035,0.028,0.003,-2.97,-0.02,0.044,0.021,0.015
Josh Rojas,19734,0.179,0.262,0.221,27.778,10.185,0.258,0.227,0.26,108,31,0.247,0.321,0.357,21.482,9.581,0.306,0.3,0.294,1336,-0.068,-0.059,-0.136,6.296,0.604,-0.049,-0.074,-0.034
Josh Smith,26396,0.279,0.343,0.418,17.749,8.658,0.321,0.335,0.331,231,27,0.229,0.323,0.347,20.984,9.192,0.278,0.301,0.306,1077,0.05,0.02,0.071,-3.235,-0.534,0.043,0.034,0.025
Joshua Palacios,19818,0.203,0.292,0.305,24.828,8.276,0.258,0.274,0.309,145,29,0.233,0.285,0.38,21.228,5.882,0.27,0.29,0.311,391,-0.03,0.006,-0.075,3.6,2.394,-0.011,-0.016,-0.002
Juan Soto,20123,0.253,0.389,0.469,16.34,18.301,0.263,0.372,0.438,306,26,0.269,0.41,0.516,16.499,18.993,0.281,0.398,0.424,2085,-0.016,-0.022,-0.046,-0.159,-0.692,-0.018,-0.026,0.014
Julio Rodriguez,23697,0.262,0.324,0.424,19.932,6.757,0.302,0.329,0.345,296,24,0.277,0.334,0.467,25.225,6.624,0.339,0.344,0.342,1887,-0.015,-0.01,-0.043,-5.293,0.132,-0.037,-0.016,0.003
Jung Hoo Lee,33824,0.275,0.333,0.443,11.702,7.801,0.292,0.338,0.335,282,26,0.262,0.31,0.331,8.228,6.329,0.273,0.284,0.319,158,0.012,0.023,0.112,3.474,1.472,0.02,0.054,0.016
Junior Caminero,28163,0.249,0.286,0.49,18.421,4.887,0.25,0.332,0.344,266,21,0.246,0.296,0.412,21.596,6.103,0.288,0.304,0.295,213,0.003,-0.01,0.078,-3.175,-1.216,-0.038,0.028,0.049
Jurickson Profar,10815,0.2,0.25,0.2,18.75,6.25,0.25,0.21,0.165,16,32,0.256,0.346,0.409,15.918,10.774,0.284,0.332,0.33,1847,-0.056,-0.096,-0.209,2.832,-4.524,-0.034,-0.122,-0.165
Justin Turner,5235,0.213,0.3,0.266,18.182,10.909,0.25,0.262,0.314,110,40,0.271,0.349,0.427,17.325,9.428,0.305,0.339,0.334,1697,-0.058,-0.049,-0.161,0.857,1.481,-0.055,-0.077,-0.02
Justyn-Henry Malloy,29606,0.215,0.348,0.29,26.957,16.522,0.302,0.299,0.298,115,25,0.203,0.291,0.366,36.957,10,0.297,0.291,0.267,230,0.012,0.057,-0.076,-10,6.522,0.004,0.008,0.031
Kameron Misner,26374,0.218,0.285,0.368,30.57,8.29,0.295,0.288,0.26,193,27,0.067,0.067,0.067,66.667,0,0.2,0.059,0.092,15,0.152,0.218,0.301,-36.097,8.29,0.095,0.23,0.168
Ke'Bryan Hayes,18577,0.232,0.289,0.291,19.844,5.837,0.288,0.264,0.292,257,28,0.251,0.304,0.37,20.324,6.685,0.302,0.295,0.302,1481,-0.019,-0.015,-0.078,-0.48,-0.848,-0.014,-0.031,-0.01
Keibert Ruiz,19610,0.245,0.282,0.319,10.132,3.524,0.267,0.269,0.295,227,26,0.247,0.293,0.379,10.946,5.203,0.255,0.293,0.31,1480,-0.002,-0.012,-0.059,-0.814,-1.678,0.012,-0.025,-0.015
Kerry Carpenter,25961,0.263,0.29,0.487,20.833,2.917,0.283,0.334,0.346,240,27,0.276,0.338,0.512,25.576,6.912,0.33,0.361,0.345,868,-0.013,-0.048,-0.025,-4.743,-3.996,-0.047,-0.027,0.001
Keston Hiura,20003,0.188,0.235,0.25,35.294,0,0.3,0.222,0.177,17,28,0.218,0.3,0.418,41.297,7.85,0.339,0.315,0.305,293,-0.031,-0.065,-0.168,-6.003,-7.85,-0.039,-0.093,-0.128
Ketel Marte,13613,0.297,0.422,0.581,13.333,15.556,0.286,0.427,0.448,180,31,0.27,0.351,0.484,17.644,10.664,0.292,0.357,0.35,1791,0.028,0.071,0.097,-4.31,4.891,-0.006,0.07,0.098
Kevin Newman,17696,0.197,0.209,0.227,16.176,1.471,0.236,0.194,0.219,68,31,0.27,0.313,0.371,14.891,5.498,0.31,0.299,0.288,873,-0.073,-0.104,-0.144,1.285,-4.028,-0.074,-0.105,-0.069
Kevin Pillar,12434,0.209,0.209,0.256,18.605,0,0.257,0.204,0.22,43,36,0.225,0.271,0.387,23.077,4.315,0.262,0.284,0.283,533,-0.016,-0.061,-0.132,-4.472,-4.315,-0.005,-0.08,-0.063
Kody Clemens,20572,0.216,0.321,0.474,19.469,10.619,0.217,0.347,0.407,113,29,0.2,0.246,0.373,25.823,5.316,0.234,0.267,0.259,395,0.016,0.076,0.101,-6.354,5.303,-0.017,0.08,0.148
Korey Lee,25543,0.25,0.3,0.357,16.129,6.452,0.304,0.291,0.212,31,26,0.188,0.227,0.313,30.816,4.694,0.248,0.236,0.246,490,0.062,0.073,0.045,-14.687,1.758,0.057,0.055,-0.034
Kris Bryant,15429,0.154,0.195,0.205,31.707,4.878,0.231,0.182,0.222,41,33,0.25,0.332,0.381,21.311,8.793,0.3,0.317,0.321,671,-0.096,-0.137,-0.176,10.396,-3.915,-0.07,-0.134,-0.099
Kristian Campbell,33644,0.23,0.32,0.359,27.53,10.526,0.306,0.306,0.298,247,23,NA,NA,NA,NA,NA,NA,NA,NA,NA,NA,NA,NA,NA,NA,NA,NA,NA
Kyle Farmer,14813,0.224,0.267,0.36,20.93,5.233,0.268,0.276,0.269,172,34,0.247,0.311,0.386,19.598,6.281,0.287,0.306,0.308,1194,-0.023,-0.044,-0.026,1.332,-1.049,-0.018,-0.03,-0.039
Kyle Higashioka,5517,0.231,0.278,0.315,17.391,5.217,0.276,0.266,0.282,115,35,0.227,0.267,0.427,25.94,5.318,0.258,0.297,0.308,771,0.004,0.011,-0.112,-8.549,-0.1,0.018,-0.031,-0.026
Kyle Isbel,21614,0.27,0.283,0.39,16.763,2.312,0.308,0.29,0.244,173,28,0.227,0.279,0.364,21.829,5.9,0.278,0.28,0.279,1017,0.043,0.004,0.026,-5.066,-3.588,0.03,0.01,-0.035
Kyle Manzardo,29794,0.21,0.296,0.436,26.457,10.314,0.234,0.317,0.317,223,24,0.234,0.282,0.421,26.282,5.769,0.29,0.303,0.271,156,-0.024,0.014,0.015,0.175,4.545,-0.056,0.014,0.046
Kyle Schwarber,16478,0.246,0.377,0.544,26,16,0.268,0.394,0.417,300,32,0.221,0.344,0.488,29.409,15.281,0.251,0.357,0.373,2081,0.025,0.033,0.057,-3.409,0.719,0.018,0.037,0.044
Kyle Stowers,26151,0.272,0.339,0.465,29.63,8.23,0.358,0.349,0.371,243,27,0.208,0.268,0.332,33.824,6.176,0.306,0.265,0.294,340,0.064,0.071,0.133,-4.194,2.054,0.052,0.084,0.077
Kyle Teel,33549,0.25,0.471,0.25,29.412,29.412,0.429,0.361,0.429,17,23,NA,NA,NA,NA,NA,NA,NA,NA,NA,NA,NA,NA,NA,NA,NA,NA,NA
Kyle Tucker,18345,0.273,0.386,0.504,14.052,15.033,0.282,0.381,0.403,306,28,0.275,0.362,0.515,14.858,12.022,0.277,0.373,0.377,1622,-0.001,0.023,-0.012,-0.806,3.01,0.005,0.008,0.026
Kyren Paris,26420,0.19,0.266,0.381,42.143,7.143,0.295,0.286,0.28,140,23,0.11,0.214,0.165,32.381,10.476,0.161,0.185,0.255,105,0.081,0.053,0.216,9.762,-3.333,0.134,0.101,0.025
LaMonte Wade Jr.,18126,0.167,0.275,0.271,20.71,12.426,0.211,0.25,0.287,169,31,0.247,0.361,0.392,20.154,14.005,0.291,0.333,0.349,1171,-0.08,-0.085,-0.121,0.556,-1.579,-0.079,-0.083,-0.062
Lane Thomas,16939,0.164,0.227,0.224,33.333,6.667,0.233,0.207,0.194,75,29,0.25,0.309,0.428,25.313,6.883,0.306,0.318,0.305,1758,-0.086,-0.082,-0.204,8.02,-0.216,-0.074,-0.111,-0.111
Lars Nootbaar,21454,0.23,0.334,0.368,20.984,12.787,0.272,0.314,0.332,305,27,0.246,0.351,0.426,19.841,13.944,0.282,0.339,0.353,1255,-0.016,-0.017,-0.058,1.143,-1.157,-0.01,-0.025,-0.021
Lawrence Butler,22542,0.259,0.325,0.451,27.397,8.904,0.339,0.339,0.317,292,24,0.25,0.3,0.456,24.655,6.724,0.291,0.324,0.328,580,0.009,0.025,-0.005,2.742,2.18,0.048,0.016,-0.011
Lenyn Sosa,22896,0.274,0.291,0.383,23.188,2.415,0.342,0.296,0.315,207,25,0.229,0.257,0.347,22.318,3.114,0.272,0.261,0.303,578,0.045,0.035,0.036,0.87,-0.699,0.07,0.035,0.012
Leo Rivas,21009,0.283,0.411,0.3,20.548,16.438,0.378,0.336,0.293,73,27,0.233,0.333,0.274,27.907,11.628,0.347,0.282,0.301,86,0.05,0.078,0.026,-7.359,4.81,0.031,0.054,-0.008
Leody Taveras,18900,0.205,0.226,0.304,27.778,2.778,0.269,0.232,0.24,180,26,0.251,0.303,0.382,22.261,6.882,0.307,0.299,0.298,1424,-0.047,-0.077,-0.078,5.517,-4.104,-0.038,-0.067,-0.058
Liam Hicks,29844,0.272,0.349,0.456,12.977,9.16,0.287,0.352,0.318,131,26,NA,NA,NA,NA,NA,NA,NA,NA,NA,NA,NA,NA,NA,NA,NA,NA,NA
Liover Peguero,24273,0.222,0.3,0.222,30,0,0.333,0.25,0.202,10,24,0.236,0.276,0.37,31.39,4.933,0.318,0.28,0.27,223,-0.013,0.024,-0.148,-1.39,-4.933,0.015,-0.03,-0.068
Logan Davidson,25844,0.15,0.261,0.2,50,12.5,0.375,0.223,0.195,24,27,NA,NA,NA,NA,NA,NA,NA,NA,NA,NA,NA,NA,NA,NA,NA,NA,NA
Logan O'Hoppe,24729,0.236,0.268,0.457,33.493,3.828,0.284,0.313,0.332,209,25,0.243,0.303,0.431,27.951,6.649,0.297,0.318,0.334,737,-0.007,-0.035,0.026,5.542,-2.821,-0.013,-0.005,-0.002
Logan Porter,20626,0.2,0.2,0.2,40,0,0.333,0.178,0.045,5,29,0.194,0.324,0.323,28.947,13.158,0.263,0.297,0.302,38,0.006,-0.124,-0.123,11.053,-13.158,0.07,-0.119,-0.257
Lourdes Gurriel Jr.,19238,0.254,0.3,0.439,14.232,5.993,0.259,0.319,0.324,267,31,0.276,0.324,0.434,17.521,5.678,0.312,0.328,0.321,1638,-0.022,-0.024,0.004,-3.289,0.315,-0.053,-0.009,0.003
Luis Arraez,18568,0.278,0.313,0.4,1.88,4.887,0.271,0.311,0.282,266,28,0.328,0.371,0.426,5.603,5.761,0.338,0.346,0.337,1892,-0.05,-0.058,-0.026,-3.723,-0.874,-0.068,-0.035,-0.055
Luis Campusano,22217,0,0.3,0,30,30,0,0.208,0.268,20,26,0.26,0.304,0.402,13.958,5.354,0.276,0.307,0.307,523,-0.26,-0.004,-0.402,16.042,24.646,-0.276,-0.099,-0.039
Luis Garcia Jr.,20391,0.262,0.307,0.405,12.987,6.061,0.278,0.31,0.374,231,25,0.275,0.307,0.414,16.583,4.686,0.308,0.31,0.316,1387,-0.013,0.001,-0.009,-3.596,1.374,-0.03,-0,0.058
Luis Matos,26467,0.167,0.211,0.361,13.158,5.263,0.138,0.249,0.29,76,23,0.235,0.287,0.344,13.936,6.112,0.26,0.278,0.29,409,-0.069,-0.077,0.017,-0.779,-0.849,-0.122,-0.028,0
Luis Rengifo,19858,0.208,0.242,0.256,16.364,4.545,0.244,0.224,0.294,220,28,0.273,0.323,0.431,16.27,5.873,0.301,0.328,0.305,1260,-0.065,-0.081,-0.175,0.094,-1.328,-0.057,-0.104,-0.011
Luis Robert Jr.,20043,0.187,0.273,0.304,31.02,10.204,0.254,0.26,0.315,245,27,0.258,0.305,0.46,27.445,5.278,0.318,0.327,0.323,1421,-0.071,-0.033,-0.156,3.575,4.926,-0.064,-0.067,-0.008
Luis Torrens,15905,0.232,0.317,0.357,23.016,10.317,0.305,0.303,0.418,126,29,0.229,0.288,0.333,26.687,6.748,0.3,0.276,0.296,326,0.003,0.029,0.024,-3.671,3.569,0.005,0.027,0.122
Luis Urias,16622,0.241,0.337,0.386,14.286,11.224,0.254,0.323,0.312,196,28,0.222,0.331,0.379,22.955,10.554,0.265,0.317,0.318,758,0.019,0.006,0.007,-8.669,0.67,-0.012,0.006,-0.006
Luisangel Acuna,26548,0.239,0.289,0.283,18,6,0.295,0.259,0.274,150,23,0.308,0.325,0.641,15,2.5,0.3,0.406,0.307,40,-0.069,-0.036,-0.358,3,3.5,-0.005,-0.147,-0.033
Luke Keaschall,33321,0.368,0.538,0.526,7.692,19.231,0.412,0.472,0.422,26,22,NA,NA,NA,NA,NA,NA,NA,NA,NA,NA,NA,NA,NA,NA,NA,NA,NA
Luke Maile,13355,0.375,0.5,0.75,10,20,0.333,0.524,0.58,10,34,0.214,0.294,0.329,27.728,8.229,0.285,0.279,0.275,559,0.161,0.206,0.421,-17.728,11.771,0.048,0.245,0.305
Luke Raley,19354,0.206,0.345,0.324,23.81,11.905,0.255,0.311,0.373,84,30,0.242,0.325,0.461,30.761,6.645,0.315,0.34,0.318,933,-0.036,0.021,-0.138,-6.951,5.26,-0.06,-0.029,0.055
Luke Williams,19931,0.143,0.2,0.214,20,0,0.182,0.192,0.183,15,28,0.208,0.262,0.276,30.918,6.28,0.307,0.24,0.217,207,-0.065,-0.062,-0.062,-10.918,-6.28,-0.125,-0.048,-0.034
Luken Baker,21497,0.235,0.366,0.324,24.39,17.073,0.333,0.32,0.33,41,28,0.198,0.304,0.341,28.378,13.514,0.256,0.288,0.309,148,0.037,0.062,-0.018,-3.988,3.56,0.077,0.031,0.021
MJ Melendez,22197,0.085,0.173,0.17,38.462,5.769,0.115,0.166,0.224,52,26,0.221,0.303,0.397,26.087,10.271,0.272,0.305,0.325,1587,-0.136,-0.13,-0.227,12.375,-4.502,-0.157,-0.139,-0.101
Maikel Garcia,22715,0.302,0.366,0.469,13.869,9.124,0.332,0.365,0.344,274,25,0.251,0.301,0.344,19.158,6.959,0.303,0.284,0.307,1164,0.051,0.065,0.125,-5.289,2.165,0.029,0.081,0.037
Manny Machado,11493,0.32,0.381,0.51,16.014,9.253,0.355,0.386,0.404,281,32,0.277,0.337,0.489,19.386,8.369,0.303,0.352,0.336,1888,0.043,0.043,0.021,-3.371,0.884,0.052,0.034,0.068
Manuel Margot,14712,0.316,0.3,0.316,30,0,0.429,0.267,0.303,20,30,0.259,0.308,0.363,16.987,6.046,0.304,0.295,0.303,1042,0.057,-0.008,-0.047,13.013,-6.046,0.125,-0.028,0
Marcell Ozuna,10324,0.257,0.395,0.42,22.42,18.149,0.31,0.365,0.392,281,34,0.27,0.338,0.511,23.839,9.065,0.305,0.363,0.38,1787,-0.014,0.057,-0.091,-1.419,9.084,0.005,0.002,0.012
Marcelo Mayer,29668,0.25,0.312,0.523,27.083,8.333,0.286,0.359,0.347,48,22,NA,NA,NA,NA,NA,NA,NA,NA,NA,NA,NA,NA,NA,NA,NA,NA,NA
Marcus Semien,12533,0.218,0.303,0.324,19.926,10.332,0.25,0.284,0.336,271,34,0.254,0.32,0.433,15.262,8.61,0.268,0.326,0.318,2195,-0.035,-0.018,-0.109,4.664,1.722,-0.018,-0.042,0.018
Mark Canha,11445,0.247,0.312,0.282,18.75,7.292,0.304,0.272,0.284,96,36,0.257,0.356,0.384,18.001,9.795,0.3,0.33,0.312,1511,-0.01,-0.044,-0.102,0.749,-2.503,0.004,-0.058,-0.028
Mark Vientos,22184,0.23,0.298,0.38,23.558,8.173,0.276,0.3,0.297,208,25,0.243,0.297,0.454,29.945,6.593,0.298,0.322,0.319,728,-0.013,0.001,-0.075,-6.387,1.58,-0.022,-0.022,-0.022
Martin Maldonado,6887,0.187,0.229,0.308,32.323,5.051,0.25,0.238,0.279,99,38,0.177,0.241,0.331,32.797,6.431,0.229,0.252,0.254,933,0.01,-0.012,-0.023,-0.474,-1.38,0.021,-0.014,0.025
Mason McCoy,22232,0,0,0,60,0,0,0,0.062,5,30,0.204,0.278,0.245,33.333,8.772,0.333,0.241,0.242,57,-0.204,-0.278,-0.245,26.667,-8.772,-0.333,-0.241,-0.18
Masyn Winn,27479,0.266,0.333,0.399,18.852,8.197,0.31,0.325,0.319,244,23,0.251,0.299,0.385,17.442,6.589,0.285,0.297,0.285,774,0.015,0.034,0.014,1.411,1.608,0.025,0.028,0.034
Matt Chapman,16505,0.243,0.36,0.452,23.897,14.706,0.288,0.359,0.374,272,32,0.239,0.327,0.441,26.663,10.492,0.296,0.333,0.34,1849,0.005,0.033,0.011,-2.766,4.214,-0.009,0.026,0.034
Matt Gorski,25855,0.195,0.214,0.39,38.095,2.381,0.261,0.259,0.254,42,27,NA,NA,NA,NA,NA,NA,NA,NA,NA,NA,NA,NA,NA,NA,NA,NA,NA
Matt McLain,29695,0.184,0.283,0.309,30.252,10.924,0.24,0.271,0.306,238,25,0.29,0.357,0.507,28.536,7.692,0.385,0.37,0.332,403,-0.107,-0.075,-0.198,1.716,3.232,-0.144,-0.099,-0.026
Matt Mervis,27845,0.175,0.254,0.383,37.313,8.209,0.219,0.277,0.235,134,27,0.155,0.222,0.259,31.496,7.087,0.205,0.216,0.282,127,0.02,0.032,0.125,5.817,1.122,0.013,0.061,-0.047
Matt Olson,14344,0.238,0.346,0.468,23.288,13.699,0.268,0.355,0.398,292,31,0.257,0.349,0.513,24.097,11.882,0.289,0.366,0.36,2104,-0.019,-0.003,-0.045,-0.809,1.817,-0.022,-0.011,0.038
Matt Shaw,33322,0.239,0.314,0.341,20.915,9.804,0.298,0.295,0.31,153,23,NA,NA,NA,NA,NA,NA,NA,NA,NA,NA,NA,NA,NA,NA,NA,NA,NA
Matt Thaiss,19318,0.216,0.386,0.284,24.06,20.301,0.3,0.322,0.318,133,30,0.211,0.321,0.324,28.746,13.066,0.286,0.291,0.312,574,0.005,0.066,-0.039,-4.685,7.235,0.014,0.03,0.006
Matt Vierling,21558,0.182,0.182,0.182,9.091,0,0.2,0.162,0.251,11,28,0.256,0.315,0.393,20.839,7.428,0.306,0.308,0.317,1454,-0.074,-0.133,-0.211,-11.748,-7.428,-0.106,-0.147,-0.066
Matt Wallner,26466,0.244,0.358,0.522,27.358,12.264,0.304,0.381,0.388,106,27,0.251,0.366,0.5,34.483,10,0.359,0.373,0.352,580,-0.007,-0.007,0.022,-7.124,2.264,-0.055,0.008,0.036
Matthew Lugo,25980,0.238,0.256,0.548,37.209,0,0.304,0.34,0.305,43,24,NA,NA,NA,NA,NA,NA,NA,NA,NA,NA,NA,NA,NA,NA,NA,NA,NA
Mauricio Dubon,16530,0.239,0.271,0.319,5.882,4.202,0.248,0.262,0.259,119,30,0.261,0.292,0.371,13.08,4.051,0.285,0.288,0.285,1185,-0.022,-0.021,-0.053,-7.198,0.151,-0.037,-0.026,-0.026
Maverick Handley,26106,0.081,0.146,0.081,37.209,4.651,0.136,0.117,0.181,43,27,NA,NA,NA,NA,NA,NA,NA,NA,NA,NA,NA,NA,NA,NA,NA,NA,NA
Max Kepler,12144,0.21,0.296,0.38,21.239,9.735,0.24,0.299,0.327,226,32,0.247,0.318,0.408,18.862,8.683,0.279,0.317,0.336,1336,-0.037,-0.022,-0.028,2.377,1.052,-0.039,-0.017,-0.009
Max Muncy,13301,0.238,0.364,0.417,24.111,15.81,0.286,0.346,0.372,253,34,0.21,0.337,0.443,25.818,15.31,0.232,0.337,0.351,1437,0.028,0.027,-0.025,-1.707,0.501,0.054,0.009,0.021
Max Muncy,29779,0.206,0.23,0.371,31,3,0.258,0.261,0.283,100,22,NA,NA,NA,NA,NA,NA,NA,NA,NA,NA,NA,NA,NA,NA,NA,NA,NA
Max Schuemann,24488,0.236,0.356,0.347,16.092,14.943,0.276,0.32,0.308,87,28,0.22,0.311,0.308,25.926,10.24,0.292,0.281,0.296,459,0.016,0.046,0.039,-9.834,4.703,-0.016,0.039,0.012
Michael A. Taylor,11489,0.214,0.285,0.376,35.115,9.16,0.319,0.291,0.295,131,34,0.226,0.285,0.369,30.07,7.343,0.3,0.286,0.29,1144,-0.013,-0.001,0.007,5.045,1.818,0.019,0.005,0.005
Michael Busch,26319,0.264,0.362,0.505,23.75,11.25,0.314,0.376,0.385,240,27,0.238,0.324,0.421,29.167,10.957,0.31,0.324,0.312,648,0.027,0.038,0.084,-5.417,0.293,0.004,0.052,0.073
Michael Conforto,16376,0.175,0.314,0.286,25.764,13.974,0.228,0.283,0.342,229,32,0.238,0.322,0.418,23.382,9.916,0.28,0.321,0.34,958,-0.064,-0.007,-0.133,2.382,4.057,-0.052,-0.038,0.002
Michael Harris II,25931,0.233,0.261,0.346,20.364,3.636,0.275,0.264,0.308,275,24,0.285,0.325,0.469,20.828,4.759,0.331,0.341,0.346,1450,-0.051,-0.064,-0.123,-0.464,-1.122,-0.056,-0.077,-0.038
Michael Massey,27684,0.202,0.221,0.258,15.311,2.392,0.226,0.212,0.243,209,27,0.242,0.287,0.404,19.881,4.748,0.272,0.298,0.318,1011,-0.04,-0.066,-0.146,-4.57,-2.355,-0.046,-0.087,-0.075
Michael Siani,22557,0.25,0.294,0.25,35.294,5.882,0.4,0.25,0.309,17,25,0.224,0.277,0.276,27.654,5.866,0.315,0.249,0.238,358,0.026,0.017,-0.026,7.64,0.016,0.085,0.001,0.071
Michael Stefanic,25353,0.182,0.28,0.182,12,12,0.211,0.226,0.292,25,29,0.232,0.317,0.275,15.152,8.712,0.28,0.273,0.269,264,-0.05,-0.037,-0.093,-3.152,3.288,-0.069,-0.047,0.023
Michael Toglia,25845,0.194,0.266,0.349,39.13,8.696,0.297,0.269,0.276,207,26,0.206,0.287,0.406,33.014,10,0.27,0.3,0.321,730,-0.012,-0.021,-0.056,6.117,-1.304,0.027,-0.032,-0.045
Mickey Gasper,24759,0.176,0.282,0.206,23.077,10.256,0.24,0.236,0.224,39,29,0,0.217,0,34.783,17.391,0,0.151,0.315,23,0.176,0.065,0.206,-11.706,-7.135,0.24,0.085,-0.091
Mickey Moniak,19956,0.227,0.278,0.429,23.864,6.25,0.261,0.304,0.319,176,27,0.236,0.273,0.414,31.77,3.986,0.315,0.295,0.282,853,-0.009,0.005,0.015,-7.907,2.264,-0.054,0.009,0.037
Miguel Amaya,21693,0.28,0.313,0.505,22,4,0.324,0.351,0.315,100,26,0.227,0.3,0.357,19.653,6.744,0.261,0.291,0.31,519,0.053,0.013,0.148,2.347,-2.744,0.062,0.06,0.005
Miguel Andujar,15878,0.296,0.328,0.402,12.778,5,0.324,0.32,0.299,180,30,0.266,0.301,0.376,14.936,4.372,0.299,0.295,0.286,549,0.029,0.027,0.026,-2.158,0.628,0.025,0.025,0.013
Miguel Rojas,7802,0.215,0.247,0.28,14.286,4.082,0.244,0.236,0.248,98,36,0.248,0.3,0.346,11.287,5.919,0.269,0.285,0.293,1267,-0.033,-0.052,-0.066,2.999,-1.838,-0.025,-0.049,-0.045
Miguel Vargas,20178,0.242,0.322,0.433,17.778,9.63,0.266,0.332,0.33,270,25,0.175,0.273,0.312,22.166,10.998,0.204,0.262,0.282,591,0.067,0.049,0.121,-4.388,-1.369,0.063,0.07,0.048
Mike Tauchman,15274,0.28,0.402,0.547,18.478,17.391,0.309,0.408,0.37,92,34,0.25,0.36,0.372,20.772,13.715,0.308,0.328,0.338,751,0.03,0.042,0.175,-2.294,3.676,0.001,0.08,0.032
Mike Trout,10155,0.223,0.306,0.453,27.059,10.588,0.242,0.324,0.392,170,33,0.268,0.363,0.568,27.356,11.651,0.31,0.393,0.394,987,-0.045,-0.057,-0.116,-0.297,-1.063,-0.068,-0.068,-0.002
Mike Yastrzemski,14854,0.24,0.338,0.375,21.667,12.5,0.296,0.317,0.321,240,34,0.225,0.311,0.422,25.761,10.191,0.275,0.318,0.313,1413,0.015,0.027,-0.047,-4.094,2.309,0.021,-0.001,0.008
Miles Mastrobuoni,20017,0.241,0.32,0.296,16.8,10.4,0.287,0.282,0.337,125,29,0.219,0.279,0.263,20.221,7.721,0.276,0.247,0.29,272,0.022,0.041,0.033,-3.421,2.679,0.011,0.036,0.047
Mitch Garver,15161,0.2,0.311,0.257,29.508,13.115,0.294,0.269,0.293,122,34,0.214,0.318,0.41,27.098,12.133,0.254,0.319,0.32,989,-0.014,-0.006,-0.153,2.41,0.981,0.04,-0.05,-0.027
Moises Ballesteros,28820,0.188,0.278,0.188,5.556,11.111,0.2,0.225,0.307,18,21,NA,NA,NA,NA,NA,NA,NA,NA,NA,NA,NA,NA,NA,NA,NA,NA,NA
Mookie Betts,13611,0.269,0.349,0.417,9.091,10.909,0.267,0.338,0.354,275,32,0.288,0.374,0.538,14.502,11.472,0.294,0.389,0.371,1848,-0.02,-0.025,-0.121,-5.411,-0.563,-0.027,-0.051,-0.017
Myles Straw,17620,0.27,0.3,0.348,12,4,0.303,0.287,0.295,125,30,0.229,0.296,0.284,16.517,8.618,0.276,0.262,0.274,1114,0.041,0.004,0.064,-4.517,-4.618,0.027,0.025,0.021
Nasim Nunez,25979,0.186,0.271,0.233,20.408,10.204,0.242,0.236,0.277,49,24,0.246,0.37,0.262,19.231,15.385,0.326,0.3,0.265,78,-0.06,-0.099,-0.03,1.177,-5.181,-0.084,-0.063,0.012
Nathan Lukes,18123,0.267,0.36,0.392,12.587,11.189,0.283,0.335,0.339,143,30,0.275,0.35,0.412,14.754,11.475,0.31,0.329,0.313,122,-0.008,0.01,-0.02,-2.167,-0.287,-0.028,0.005,0.026
Nathaniel Lowe,19566,0.229,0.293,0.376,26.855,8.127,0.287,0.297,0.311,283,29,0.277,0.36,0.438,22.596,10.962,0.339,0.349,0.337,1934,-0.048,-0.067,-0.062,4.259,-2.835,-0.052,-0.052,-0.026
Nick Ahmed,12147,0,0.1,0,30,10,0,0.069,0.206,10,35,0.222,0.262,0.315,23.984,5.081,0.281,0.254,0.257,492,-0.222,-0.162,-0.315,6.016,4.919,-0.281,-0.184,-0.051
Nick Allen,22277,0.234,0.309,0.269,21.99,8.377,0.307,0.267,0.264,191,26,0.209,0.254,0.283,17.895,5.395,0.246,0.239,0.241,760,0.025,0.055,-0.014,4.095,2.982,0.061,0.028,0.023
Nick Castellanos,11737,0.287,0.326,0.43,18.996,5.018,0.335,0.33,0.324,279,33,0.263,0.309,0.435,24.047,5.614,0.318,0.321,0.319,1888,0.024,0.017,-0.004,-5.05,-0.596,0.017,0.009,0.005
Nick Fortes,21538,0.213,0.272,0.347,14.634,6.098,0.23,0.275,0.293,82,28,0.22,0.273,0.331,16.147,5.122,0.243,0.267,0.27,898,-0.006,-0.001,0.016,-1.513,0.975,-0.014,0.008,0.023
Nick Gonzales,27490,0.242,0.278,0.455,25,5.556,0.292,0.309,0.322,36,26,0.255,0.3,0.386,21.359,4.66,0.31,0.297,0.302,515,-0.013,-0.022,0.068,3.641,0.895,-0.019,0.011,0.02
Nick Kurtz,35110,0.235,0.302,0.431,33.621,9.483,0.311,0.314,0.331,116,22,NA,NA,NA,NA,NA,NA,NA,NA,NA,NA,NA,NA,NA,NA,NA,NA,NA
Nick Loftin,27630,0.303,0.351,0.545,13.514,8.108,0.321,0.378,0.321,37,26,0.229,0.307,0.295,15.063,9.623,0.267,0.272,0.29,239,0.074,0.045,0.25,-1.549,-1.515,0.054,0.106,0.031
Nick Martini,12005,0.225,0.288,0.294,16.216,8.108,0.265,0.261,0.259,111,35,0.229,0.29,0.44,21.901,5.785,0.248,0.313,0.301,242,-0.004,-0.002,-0.146,-5.685,2.323,0.017,-0.052,-0.042
Nick Maton,21635,0.167,0.286,0.315,30.159,14.286,0.212,0.276,0.242,63,28,0.19,0.3,0.352,26.984,12.698,0.229,0.29,0.29,378,-0.023,-0.014,-0.037,3.175,1.587,-0.016,-0.014,-0.048
Nick Sogard,25483,0.245,0.302,0.306,16.981,3.774,0.3,0.276,0.337,53,27,0.273,0.326,0.325,29.07,8.14,0.389,0.289,0.309,86,-0.028,-0.024,-0.019,-12.089,-4.366,-0.089,-0.013,0.028
Nick Solak,19294,0.091,0.091,0.091,18.182,0,0.111,0.081,0.145,11,30,0.207,0.309,0.329,20,7.368,0.233,0.291,0.335,95,-0.116,-0.218,-0.238,-1.818,-7.368,-0.122,-0.211,-0.19
Nicky Lopez,19339,0.042,0.179,0.042,14.286,14.286,0.05,0.131,0.25,28,30,0.233,0.302,0.288,14.322,7.751,0.276,0.268,0.275,1187,-0.192,-0.124,-0.246,-0.036,6.535,-0.226,-0.137,-0.025
Nico Hoerner,21479,0.285,0.33,0.356,7.326,5.495,0.306,0.305,0.305,273,28,0.279,0.337,0.387,11.159,6.555,0.303,0.318,0.309,1846,0.006,-0.007,-0.031,-3.833,-1.06,0.003,-0.013,-0.004
Niko Kavadas,29782,0,0,0,0,0,0,0,0.025,1,26,0.183,0.283,0.333,38.679,10.377,0.271,0.278,0.292,106,-0.183,-0.283,-0.333,-38.679,-10.377,-0.271,-0.278,-0.267
Noelvi Marte,26517,0.294,0.342,0.515,16.438,6.849,0.321,0.37,0.312,73,23,0.245,0.288,0.353,27.397,4.658,0.325,0.281,0.292,365,0.049,0.055,0.162,-10.959,2.192,-0.004,0.089,0.02
Nolan Arenado,9777,0.243,0.303,0.391,10.861,7.491,0.245,0.302,0.297,267,34,0.277,0.333,0.461,14.194,7.338,0.288,0.34,0.318,1867,-0.034,-0.029,-0.07,-3.332,0.153,-0.043,-0.039,-0.021
Nolan Gorman,22263,0.216,0.308,0.369,29.231,12.308,0.288,0.297,0.325,130,25,0.222,0.301,0.435,34.097,9.754,0.292,0.318,0.335,1179,-0.006,0.007,-0.066,-4.866,2.554,-0.004,-0.022,-0.01
Nolan Jones,20529,0.208,0.293,0.299,26.857,9.714,0.283,0.268,0.33,175,27,0.265,0.355,0.441,30.429,11.902,0.37,0.344,0.33,815,-0.057,-0.062,-0.143,-3.572,-2.188,-0.087,-0.076,-0
Nolan Schanuel,33189,0.284,0.38,0.389,13.011,12.639,0.323,0.342,0.355,269,23,0.255,0.354,0.357,16.509,11.908,0.293,0.319,0.323,739,0.029,0.026,0.032,-3.498,0.731,0.03,0.023,0.032
Oliver Dunn,26295,0.167,0.205,0.222,26.829,4.878,0.231,0.192,0.246,41,27,0.221,0.282,0.316,38.462,5.769,0.37,0.266,0.263,104,-0.054,-0.076,-0.094,-11.632,-0.891,-0.14,-0.075,-0.017
Omar Narvaez,13338,0.286,0.4,0.286,10,20,0.286,0.317,0.31,10,33,0.2,0.276,0.286,18.787,9.002,0.238,0.253,0.271,511,0.086,0.124,0,-8.787,10.998,0.048,0.063,0.039
Oneil Cruz,21711,0.226,0.351,0.461,33.588,15.267,0.305,0.353,0.379,262,26,0.249,0.315,0.447,31.5,8.6,0.335,0.327,0.325,1000,-0.023,0.036,0.014,2.088,6.667,-0.029,0.025,0.054
Orlando Arcia,13185,0.197,0.246,0.262,21.538,6.154,0.239,0.231,0.268,65,30,0.24,0.298,0.39,20.526,7.378,0.275,0.3,0.291,1369,-0.044,-0.052,-0.128,1.013,-1.224,-0.035,-0.069,-0.023
Oscar Gonzalez,20970,0.22,0.246,0.237,21.311,3.279,0.283,0.218,0.297,61,27,0.269,0.299,0.413,21.53,3.559,0.324,0.307,0.304,562,-0.049,-0.053,-0.176,-0.219,-0.28,-0.042,-0.089,-0.007
Oswald Peraza,22823,0.167,0.248,0.304,26.549,8.85,0.203,0.25,0.318,113,25,0.216,0.297,0.315,23.938,7.722,0.277,0.277,0.297,259,-0.049,-0.05,-0.011,2.61,1.128,-0.074,-0.027,0.021
Oswaldo Cabrera,21707,0.243,0.322,0.308,20.492,9.016,0.305,0.288,0.285,122,26,0.233,0.291,0.352,21.644,7.376,0.279,0.283,0.275,827,0.01,0.031,-0.043,-1.153,1.64,0.026,0.006,0.01
Otto Kemp,31792,0.222,0.263,0.222,31.579,5.263,0.333,0.224,0.181,19,25,NA,NA,NA,NA,NA,NA,NA,NA,NA,NA,NA,NA,NA,NA,NA,NA,NA
Otto Lopez,19608,0.228,0.304,0.364,14.216,9.314,0.242,0.297,0.352,204,26,0.279,0.322,0.383,17.117,5.856,0.328,0.309,0.313,444,-0.051,-0.018,-0.019,-2.901,3.458,-0.087,-0.012,0.039
Owen Miller,24655,0.143,0.294,0.143,23.529,11.765,0.2,0.229,0.269,17,28,0.248,0.298,0.354,19.926,6.027,0.297,0.285,0.286,813,-0.105,-0.004,-0.212,3.603,5.738,-0.097,-0.056,-0.017
Ozzie Albies,16556,0.233,0.309,0.337,15.972,9.375,0.261,0.292,0.298,288,28,0.264,0.317,0.457,16.056,6.525,0.28,0.331,0.319,1364,-0.032,-0.008,-0.12,-0.083,2.85,-0.019,-0.04,-0.021
Pablo Reyes,16357,0.194,0.242,0.226,29.412,5.882,0.286,0.215,0.235,34,31,0.26,0.312,0.331,15.849,6.792,0.305,0.286,0.3,265,-0.067,-0.069,-0.105,13.563,-0.91,-0.019,-0.071,-0.065
Parker Meadows,23800,0.171,0.275,0.343,25,12.5,0.208,0.277,0.362,40,25,0.241,0.317,0.413,25.508,9.481,0.305,0.317,0.307,443,-0.069,-0.042,-0.07,-0.508,3.019,-0.097,-0.04,0.055
Patrick Bailey,27478,0.185,0.246,0.272,31.667,7.778,0.271,0.233,0.261,180,26,0.234,0.292,0.348,24.969,7.491,0.298,0.282,0.316,801,-0.049,-0.046,-0.076,6.698,0.287,-0.027,-0.049,-0.055
Paul DeJong,18015,0.204,0.246,0.278,42.105,3.509,0.367,0.235,0.22,57,31,0.205,0.263,0.372,31.814,5.809,0.263,0.276,0.281,1119,-0.002,-0.017,-0.094,10.291,-2.3,0.104,-0.041,-0.061
Paul Goldschmidt,9218,0.313,0.372,0.458,17.455,8,0.364,0.361,0.352,275,37,0.276,0.356,0.477,23.845,10.693,0.334,0.36,0.355,1992,0.037,0.016,-0.02,-6.391,-2.693,0.03,0.002,-0.003
Pavin Smith,19892,0.277,0.394,0.458,29.798,16.162,0.402,0.375,0.334,198,29,0.222,0.317,0.396,21.569,12.217,0.248,0.314,0.332,663,0.055,0.077,0.062,8.229,3.944,0.154,0.062,0.002
Pedro Pages,25782,0.213,0.259,0.361,22.754,5.389,0.248,0.273,0.261,167,26,0.238,0.281,0.376,26.606,5.963,0.295,0.286,0.279,218,-0.025,-0.022,-0.015,-3.851,-0.574,-0.047,-0.013,-0.018
Pete Alonso,19251,0.298,0.397,0.585,20.656,11.475,0.331,0.418,0.438,305,30,0.243,0.333,0.493,22.13,9.912,0.255,0.35,0.354,2038,0.055,0.064,0.092,-1.474,1.564,0.076,0.068,0.084
Pete Crow-Armstrong,27769,0.271,0.305,0.554,25,4.514,0.304,0.366,0.349,288,23,0.228,0.282,0.37,24.476,5.594,0.285,0.282,0.28,429,0.043,0.024,0.183,0.524,-1.081,0.019,0.083,0.069
Rafael Devers,17350,0.276,0.405,0.506,22.741,16.822,0.33,0.392,0.4,321,28,0.28,0.354,0.512,20.684,9.567,0.314,0.365,0.369,1871,-0.004,0.051,-0.006,2.057,7.255,0.015,0.027,0.031
Rafael Marchan,21646,0.146,0.286,0.244,16.327,14.286,0.156,0.255,0.284,49,26,0.294,0.345,0.549,14.286,5.357,0.3,0.382,0.393,56,-0.148,-0.06,-0.305,2.041,8.929,-0.144,-0.127,-0.109
Ramon Laureano,17128,0.267,0.326,0.509,27.132,7.752,0.316,0.358,0.338,129,30,0.23,0.3,0.392,28.65,6.661,0.301,0.304,0.308,1096,0.038,0.025,0.117,-1.518,1.091,0.015,0.054,0.03
Ramon Urias,18795,0.273,0.33,0.37,18.75,9.091,0.315,0.308,0.315,176,31,0.255,0.318,0.403,22.242,7.005,0.308,0.315,0.309,1142,0.018,0.012,-0.033,-3.492,2.086,0.006,-0.007,0.006
Randal Grichuk,10243,0.25,0.31,0.446,21,8,0.294,0.326,0.333,100,33,0.269,0.318,0.459,20.885,5.668,0.31,0.334,0.313,1288,-0.019,-0.008,-0.013,0.115,2.332,-0.016,-0.008,0.02
Randy Arozarena,19290,0.228,0.342,0.394,28.521,11.268,0.307,0.33,0.345,284,30,0.246,0.341,0.42,24.705,10.221,0.304,0.334,0.325,1947,-0.017,0.001,-0.026,3.816,1.047,0.003,-0.004,0.02
Rece Hinds,27493,0.158,0.2,0.526,50,5,0.143,0.306,0.353,20,24,0.261,0.333,0.717,31.373,7.843,0.28,0.433,0.386,51,-0.103,-0.133,-0.191,18.627,-2.843,-0.137,-0.128,-0.033
Reese McGuire,15674,0.269,0.269,0.538,18.519,0,0.263,0.345,0.21,27,30,0.254,0.301,0.348,23.197,5.643,0.326,0.286,0.263,638,0.015,-0.032,0.191,-4.679,-5.643,-0.062,0.059,-0.053
Rhylan Thomas,31793,0.125,0.2,0.25,0,10,0.111,0.196,0.18,10,25,NA,NA,NA,NA,NA,NA,NA,NA,NA,NA,NA,NA,NA,NA,NA,NA,NA
Rhys Hoskins,16472,0.252,0.343,0.431,26.772,11.811,0.312,0.337,0.332,254,32,0.232,0.32,0.443,26.745,10.513,0.274,0.331,0.322,1189,0.02,0.023,-0.012,0.026,1.298,0.038,0.006,0.01
Richie Palacios,24589,0.75,0.75,1,0,0,0.75,0.761,0.577,4,28,0.232,0.327,0.35,18.115,11.091,0.27,0.301,0.31,541,0.518,0.423,0.65,-18.115,-11.091,0.48,0.46,0.267
Riley Adams,19864,0.1,0.1,0.24,44,0,0.115,0.144,0.265,50,29,0.224,0.29,0.377,28.442,7.449,0.296,0.291,0.279,443,-0.124,-0.19,-0.137,15.558,-7.449,-0.18,-0.147,-0.014
Riley Greene,25976,0.277,0.333,0.485,31.56,7.447,0.373,0.355,0.347,282,24,0.267,0.34,0.434,27.504,9.52,0.353,0.337,0.346,1418,0.01,-0.007,0.05,4.057,-2.074,0.02,0.018,0.001
Rob Brantly,10655,0.429,0.429,0.429,14.286,0,0.5,0.381,0.219,7,35,NA,NA,NA,NA,NA,NA,NA,NA,NA,NA,NA,NA,NA,NA,NA,NA,NA
Rob Refsnyder,13770,0.284,0.383,0.522,28.395,13.58,0.357,0.385,0.354,81,34,0.278,0.367,0.427,23.521,10.454,0.352,0.349,0.343,727,0.006,0.015,0.095,4.874,3.126,0.005,0.036,0.011
Robert Hassell III,27482,0.227,0.227,0.288,30.303,0,0.311,0.226,0.275,66,23,NA,NA,NA,NA,NA,NA,NA,NA,NA,NA,NA,NA,NA,NA,NA,NA,NA
Roman Anthony,31812,0.083,0.154,0.167,23.077,7.692,0.111,0.151,0.221,13,21,NA,NA,NA,NA,NA,NA,NA,NA,NA,NA,NA,NA,NA,NA,NA,NA,NA
Romy Gonzalez,21562,0.321,0.357,0.474,22.619,4.762,0.407,0.361,0.363,84,28,0.242,0.271,0.39,31.517,3.791,0.328,0.284,0.29,422,0.079,0.086,0.084,-8.898,0.97,0.079,0.077,0.073
Ronald Acuna Jr.,18401,0.353,0.436,0.647,28.205,12.821,0.45,0.46,0.412,78,27,0.299,0.383,0.496,17.651,10.738,0.334,0.379,0.41,1490,0.054,0.053,0.151,10.554,2.082,0.116,0.082,0.002
Ronny Mauricio,23698,0.208,0.296,0.375,29.63,7.407,0.267,0.301,0.373,27,24,0.248,0.296,0.347,28.704,6.481,0.338,0.284,0.287,108,-0.039,0,0.028,0.926,0.926,-0.072,0.017,0.086
Ronny Simon,25346,0.234,0.327,0.277,12.5,12.5,0.268,0.28,0.347,56,25,NA,NA,NA,NA,NA,NA,NA,NA,NA,NA,NA,NA,NA,NA,NA,NA,NA
Rowdy Tellez,15679,0.208,0.253,0.429,24.096,4.819,0.208,0.294,0.356,166,30,0.226,0.3,0.418,21.59,9.336,0.245,0.309,0.324,1371,-0.018,-0.047,0.011,2.506,-4.517,-0.037,-0.015,0.032
Royce Lewis,20437,0.189,0.274,0.263,15.094,10.377,0.218,0.248,0.33,106,26,0.268,0.327,0.497,22.149,8.099,0.295,0.351,0.332,605,-0.078,-0.054,-0.234,-7.054,2.278,-0.077,-0.102,-0.002
Ryan Bliss,29547,0.2,0.282,0.314,28.205,10.256,0.261,0.271,0.316,39,25,0.222,0.29,0.397,30.986,7.042,0.308,0.3,0.31,71,-0.022,-0.008,-0.083,-2.781,3.214,-0.047,-0.029,0.006
Ryan Fitzgerald,24622,0,0,0,0,0,0,0,0.068,3,31,NA,NA,NA,NA,NA,NA,NA,NA,NA,NA,NA,NA,NA,NA,NA,NA,NA
Ryan Jeffers,24618,0.247,0.343,0.382,20.188,11.268,0.302,0.324,0.355,213,28,0.237,0.318,0.434,24.035,8.494,0.278,0.327,0.316,1036,0.01,0.024,-0.052,-3.847,2.773,0.025,-0.003,0.039
Ryan Kreidler,25867,0.105,0.19,0.105,43.182,9.091,0.211,0.151,0.241,44,27,0.147,0.212,0.193,28.743,7.186,0.196,0.189,0.237,167,-0.041,-0.022,-0.088,14.439,1.905,0.014,-0.038,0.004
Ryan McMahon,15112,0.216,0.332,0.374,28.358,14.552,0.285,0.317,0.354,268,30,0.242,0.325,0.414,28.946,10.54,0.319,0.322,0.33,1869,-0.026,0.008,-0.039,-0.588,4.012,-0.034,-0.005,0.024
Ryan Mountcastle,18373,0.246,0.28,0.348,23,4,0.31,0.276,0.32,200,28,0.263,0.313,0.432,23.644,6.747,0.314,0.321,0.351,1586,-0.017,-0.033,-0.085,-0.644,-2.747,-0.005,-0.045,-0.031
Ryan O'Hearn,16442,0.307,0.389,0.482,17.904,10.48,0.344,0.381,0.387,229,31,0.27,0.323,0.431,18.471,6.852,0.307,0.325,0.338,1007,0.037,0.066,0.051,-0.567,3.628,0.038,0.056,0.049
Ryan Ritter,31500,0.25,0.28,0.417,36,0,0.4,0.3,0.2,25,24,NA,NA,NA,NA,NA,NA,NA,NA,NA,NA,NA,NA,NA,NA,NA,NA,NA
Ryan Vilade,22165,0.077,0.2,0.077,33.333,13.333,0.125,0.152,0.305,15,26,0.178,0.208,0.244,24.49,4.082,0.212,0.2,0.246,49,-0.101,-0.008,-0.168,8.844,9.252,-0.087,-0.048,0.059
Sal Frelick,29622,0.292,0.355,0.394,12.5,7.576,0.327,0.334,0.311,264,25,0.255,0.326,0.339,15.395,8.969,0.3,0.297,0.283,747,0.037,0.029,0.055,-2.895,-1.393,0.027,0.037,0.028
Salvador Perez,7304,0.233,0.269,0.366,22.059,4.044,0.281,0.277,0.344,272,35,0.261,0.307,0.447,21.877,4.751,0.295,0.321,0.338,1705,-0.027,-0.037,-0.081,0.182,-0.707,-0.013,-0.043,0.006
Sam Haggerty,18054,0.268,0.316,0.437,15.584,6.494,0.298,0.328,0.361,77,31,0.245,0.334,0.365,22.769,10.462,0.309,0.309,0.294,325,0.023,-0.019,0.071,-7.185,-3.968,-0.011,0.018,0.067
Sam Hilliard,17954,0.28,0.419,0.6,19.355,19.355,0.333,0.433,0.416,31,31,0.214,0.292,0.383,33.486,9.862,0.295,0.295,0.296,436,0.066,0.128,0.217,-14.131,9.492,0.038,0.138,0.12
Sam Huff,22209,0.208,0.259,0.34,43.103,6.897,0.333,0.264,0.263,58,27,0.244,0.299,0.409,33.333,7.345,0.337,0.307,0.301,177,-0.036,-0.041,-0.069,9.77,-0.448,-0.003,-0.043,-0.038
Samad Taylor,22274,0.125,0.125,0.125,11.111,0,0.143,0.111,0.203,9,26,0.2,0.279,0.267,31.884,10.145,0.308,0.248,0.274,69,-0.075,-0.154,-0.142,-20.773,-10.145,-0.165,-0.137,-0.071
Santiago Espinal,19997,0.24,0.294,0.286,9.859,7.042,0.269,0.263,0.26,213,30,0.256,0.31,0.357,13.908,6.866,0.285,0.294,0.293,1136,-0.016,-0.016,-0.071,-4.049,0.176,-0.016,-0.03,-0.033
Scott Kingery,17975,0.125,0.176,0.188,35.294,5.882,0.2,0.168,0.199,17,31,NA,NA,NA,NA,NA,NA,NA,NA,NA,NA,NA,NA,NA,NA,NA,NA,NA
Sean Bouchard,21270,0.167,0.247,0.242,36.986,9.589,0.263,0.227,0.224,73,29,0.251,0.368,0.443,29.032,14.919,0.339,0.354,0.318,248,-0.085,-0.122,-0.201,7.954,-5.33,-0.075,-0.127,-0.094
Sean Murphy,19352,0.222,0.325,0.459,30.573,10.191,0.266,0.341,0.333,157,30,0.239,0.334,0.428,21.994,10.046,0.276,0.333,0.354,1314,-0.016,-0.009,0.031,8.579,0.145,-0.01,0.008,-0.021
Seiya Suzuki,30116,0.266,0.325,0.548,26.298,8.651,0.304,0.37,0.371,289,30,0.278,0.354,0.47,24.783,10.161,0.347,0.354,0.344,1614,-0.012,-0.029,0.078,1.514,-1.511,-0.043,0.016,0.027
Seth Brown,18171,0.185,0.303,0.262,30.263,11.842,0.268,0.267,0.301,76,32,0.228,0.293,0.413,26.932,7.952,0.278,0.306,0.32,1333,-0.043,0.01,-0.152,3.331,3.89,-0.009,-0.039,-0.019
Shay Whitcomb,27789,0,0,0,40,0,0,0,0.26,5,26,0.22,0.304,0.293,17.391,10.87,0.273,0.272,0.342,46,-0.22,-0.304,-0.293,22.609,-10.87,-0.273,-0.272,-0.082
Shea Langeliers,25816,0.237,0.3,0.43,18.696,8.696,0.248,0.316,0.331,230,27,0.215,0.276,0.432,28.972,7.137,0.254,0.302,0.306,1177,0.021,0.024,-0.002,-10.276,1.559,-0.006,0.014,0.025
Shohei Ohtani,19755,0.29,0.383,0.625,24.601,13.099,0.322,0.42,0.442,313,30,0.296,0.385,0.605,23.347,12.224,0.332,0.411,0.418,1996,-0.006,-0.002,0.02,1.254,0.875,-0.011,0.008,0.024
Spencer Horwitz,26477,0.21,0.281,0.321,26.966,7.865,0.286,0.266,0.302,89,27,0.264,0.355,0.428,19.294,10.824,0.304,0.342,0.334,425,-0.054,-0.074,-0.107,7.672,-2.958,-0.019,-0.075,-0.032
Spencer Steer,26323,0.226,0.291,0.323,25.911,8.097,0.297,0.277,0.277,247,27,0.245,0.335,0.425,21.134,10.567,0.288,0.332,0.321,1429,-0.02,-0.044,-0.102,4.777,-2.47,0.01,-0.055,-0.044
Spencer Torkelson,27465,0.234,0.338,0.498,24.911,12.1,0.256,0.357,0.365,281,25,0.221,0.3,0.392,25.528,9.326,0.269,0.303,0.319,1469,0.013,0.038,0.106,-0.617,2.774,-0.013,0.054,0.046
Starling Marte,9241,0.237,0.341,0.381,17.266,7.914,0.264,0.326,0.339,139,36,0.272,0.328,0.403,20.312,5.674,0.327,0.32,0.33,1216,-0.035,0.013,-0.022,-3.046,2.239,-0.064,0.005,0.009
Steven Kwan,24610,0.305,0.368,0.422,8.273,8.273,0.318,0.35,0.33,278,27,0.285,0.359,0.396,9.81,9.757,0.307,0.333,0.32,1896,0.02,0.009,0.026,-1.537,-1.484,0.012,0.017,0.01
Stuart Fairchild,20321,0.182,0.25,0.273,25,8.333,0.25,0.236,0.26,36,29,0.227,0.31,0.394,27.258,8.361,0.291,0.31,0.306,598,-0.045,-0.06,-0.122,-2.258,-0.028,-0.041,-0.073,-0.046
TJ Friedl,19522,0.294,0.383,0.44,15.917,11.765,0.335,0.364,0.311,289,29,0.254,0.331,0.435,15.758,8.052,0.272,0.332,0.289,1155,0.04,0.052,0.005,0.159,3.713,0.063,0.032,0.022
Taylor Walls,22458,0.211,0.291,0.276,21.714,10.857,0.259,0.26,0.254,175,28,0.184,0.283,0.292,26.148,11.903,0.242,0.262,0.266,1067,0.026,0.008,-0.016,-4.434,-1.045,0.017,-0.002,-0.012
Taylor Ward,17548,0.204,0.26,0.471,27.758,7.117,0.207,0.31,0.33,281,31,0.26,0.339,0.441,22.188,9.902,0.302,0.339,0.348,1636,-0.056,-0.079,0.03,5.57,-2.785,-0.095,-0.029,-0.018
Teoscar Hernandez,13066,0.261,0.288,0.488,23.767,3.587,0.295,0.333,0.351,223,32,0.265,0.32,0.474,29.544,6.702,0.341,0.341,0.344,1865,-0.004,-0.032,0.014,-5.777,-3.115,-0.045,-0.008,0.007
Thairo Estrada,16426,0.261,0.271,0.37,14.583,0,0.3,0.277,0.249,48,29,0.252,0.3,0.39,19.628,4.477,0.293,0.301,0.287,1452,0.008,-0.029,-0.021,-5.045,-4.477,0.007,-0.024,-0.038
Thomas Saggese,27883,0.341,0.364,0.512,25,4.545,0.433,0.376,0.334,44,23,0.204,0.25,0.306,26.923,3.846,0.265,0.247,0.248,52,0.137,0.114,0.206,-1.923,0.699,0.169,0.129,0.086
Tim Anderson,15172,0.205,0.258,0.241,32.222,3.333,0.315,0.23,0.218,90,32,0.256,0.292,0.312,21.953,4.211,0.326,0.268,0.286,1116,-0.051,-0.034,-0.071,10.269,-0.878,-0.012,-0.038,-0.068
Tim Elko,31522,0.155,0.222,0.379,38.095,7.937,0.167,0.263,0.269,63,26,NA,NA,NA,NA,NA,NA,NA,NA,NA,NA,NA,NA,NA,NA,NA,NA,NA
Tim Tawa,29571,0.235,0.305,0.443,24.242,9.091,0.262,0.324,0.345,132,26,NA,NA,NA,NA,NA,NA,NA,NA,NA,NA,NA,NA,NA,NA,NA,NA,NA
Tirso Ornelas,22566,0.071,0.188,0.071,12.5,12.5,0.083,0.142,0.293,16,25,NA,NA,NA,NA,NA,NA,NA,NA,NA,NA,NA,NA,NA,NA,NA,NA,NA
Tomas Nido,13755,0.343,0.361,0.343,27.027,0,0.48,0.316,0.27,37,31,0.213,0.245,0.298,25.097,4.086,0.274,0.239,0.27,514,0.13,0.116,0.045,1.93,-4.086,0.206,0.077,0
Tommy Edman,19470,0.25,0.286,0.457,17.085,4.02,0.255,0.319,0.344,199,30,0.255,0.314,0.402,17.162,7.018,0.289,0.312,0.305,1311,-0.005,-0.027,0.055,-0.077,-2.997,-0.034,0.007,0.039
Tommy Pham,2967,0.197,0.272,0.224,27.811,8.876,0.283,0.23,0.245,169,37,0.246,0.315,0.394,23.972,8.729,0.304,0.31,0.329,1581,-0.048,-0.043,-0.17,3.838,0.147,-0.021,-0.08,-0.084
Travis Jankowski,13768,0.244,0.286,0.289,24.49,6.122,0.324,0.257,0.255,49,34,0.228,0.314,0.278,17.204,9.857,0.278,0.273,0.274,558,0.017,-0.028,0.01,7.285,-3.734,0.046,-0.015,-0.019
Travis d'Arnaud,7739,0.229,0.286,0.385,32.381,5.714,0.317,0.295,0.333,105,36,0.246,0.305,0.44,23.229,6.043,0.285,0.323,0.319,1059,-0.017,-0.019,-0.055,9.151,-0.329,0.032,-0.027,0.014
Trea Turner,16252,0.303,0.36,0.446,16.835,7.071,0.349,0.355,0.326,297,32,0.286,0.333,0.464,19.556,6.037,0.328,0.344,0.328,1938,0.017,0.027,-0.018,-2.721,1.034,0.021,0.011,-0.002
Trent Grisham,18564,0.244,0.351,0.472,22.222,13.778,0.262,0.361,0.377,225,28,0.191,0.298,0.353,28.028,11.957,0.243,0.291,0.309,1288,0.052,0.053,0.118,-5.806,1.821,0.019,0.071,0.068
Trevor Larnach,21501,0.253,0.316,0.418,21.377,7.971,0.291,0.321,0.33,276,28,0.241,0.323,0.423,27.525,10.732,0.306,0.324,0.334,792,0.012,-0.007,-0.005,-6.148,-2.761,-0.014,-0.002,-0.004
Trevor Story,12564,0.23,0.275,0.354,29.927,4.745,0.301,0.279,0.301,274,32,0.232,0.296,0.397,31.343,7.761,0.314,0.299,0.285,670,-0.002,-0.021,-0.043,-1.416,-3.017,-0.013,-0.02,0.016
Trey Lipscomb,31567,0.5,0.5,0.5,25,0,0.667,0.444,0.14,4,25,0.2,0.268,0.232,18.957,7.583,0.247,0.231,0.267,211,0.3,0.232,0.268,6.043,-7.583,0.42,0.214,-0.127
Trey Sweeney,29575,0.22,0.276,0.309,24.286,7.619,0.273,0.262,0.264,210,25,0.218,0.269,0.373,26.891,5.882,0.267,0.279,0.298,119,0.002,0.007,-0.064,-2.605,1.737,0.007,-0.017,-0.034
Triston Casas,22514,0.182,0.277,0.303,24.107,9.821,0.217,0.258,0.307,112,25,0.25,0.357,0.473,26.905,14.167,0.304,0.357,0.353,840,-0.068,-0.08,-0.17,-2.798,-4.345,-0.086,-0.099,-0.046
Tsung-Che Cheng,28344,0,0,0,42.857,0,0,0,0.168,7,23,NA,NA,NA,NA,NA,NA,NA,NA,NA,NA,NA,NA,NA,NA,NA,NA,NA
Tucker Barnhart,10200,0.231,0.333,0.231,26.667,6.667,0.333,0.272,0.224,15,34,0.208,0.286,0.255,27.894,9.488,0.297,0.25,0.241,527,0.023,0.047,-0.024,-1.227,-2.821,0.036,0.023,-0.017
Ty France,17982,0.277,0.341,0.372,14.981,4.494,0.317,0.32,0.353,267,30,0.254,0.328,0.39,17.926,6.398,0.29,0.317,0.323,1813,0.023,0.013,-0.018,-2.945,-1.904,0.026,0.003,0.03
Tyler Callihan,27497,0.167,0.167,0.167,16.667,0,0.2,0.148,0.183,6,25,NA,NA,NA,NA,NA,NA,NA,NA,NA,NA,NA,NA,NA,NA,NA,NA,NA
Tyler Fitzgerald,26208,0.244,0.308,0.34,25.143,7.429,0.324,0.291,0.272,175,27,0.275,0.328,0.494,31.467,6.4,0.368,0.352,0.284,375,-0.031,-0.02,-0.154,-6.324,1.029,-0.044,-0.062,-0.012
Tyler Freeman,22532,0.299,0.367,0.448,8.861,8.861,0.306,0.353,0.357,79,26,0.223,0.304,0.329,14.757,6.593,0.248,0.283,0.301,637,0.075,0.063,0.119,-5.896,2.267,0.059,0.069,0.056
Tyler Heineman,13897,0.407,0.419,0.593,15.873,3.175,0.458,0.435,0.293,63,34,0.213,0.3,0.266,13.08,8.017,0.25,0.262,0.279,237,0.194,0.119,0.328,2.793,-4.842,0.208,0.173,0.014
Tyler O'Neill,15711,0.188,0.28,0.325,29.032,9.677,0.245,0.267,0.329,93,30,0.234,0.321,0.445,29.323,10.606,0.289,0.331,0.334,1122,-0.046,-0.041,-0.12,-0.29,-0.929,-0.044,-0.064,-0.005
Tyler Soderstrom,27467,0.26,0.341,0.469,24.662,9.797,0.307,0.353,0.375,296,23,0.204,0.282,0.354,27.35,8.832,0.25,0.28,0.32,351,0.056,0.059,0.116,-2.688,0.965,0.057,0.073,0.055
Tyler Stephenson,17988,0.241,0.323,0.429,35.433,11.024,0.349,0.327,0.331,127,28,0.261,0.334,0.422,24.609,8.807,0.325,0.329,0.318,1215,-0.02,-0.011,0.007,10.824,2.217,0.024,-0.002,0.013
Tyler Tolbert,25779,0.143,0.143,0.143,28.571,0,0.2,0.127,0.149,7,27,NA,NA,NA,NA,NA,NA,NA,NA,NA,NA,NA,NA,NA,NA,NA,NA,NA
Tyler Wade,15730,0.23,0.33,0.287,25.962,11.538,0.333,0.286,0.246,104,30,0.223,0.283,0.265,20.053,6.684,0.285,0.249,0.261,374,0.007,0.047,0.022,5.908,4.854,0.049,0.037,-0.015
Tyrone Taylor,13675,0.238,0.305,0.337,20.792,4.95,0.302,0.286,0.331,202,31,0.238,0.286,0.429,23.867,4.935,0.283,0.308,0.304,993,-0.001,0.019,-0.092,-3.075,0.016,0.019,-0.021,0.027
Victor Caratini,14968,0.252,0.329,0.37,15.789,6.579,0.284,0.314,0.327,152,31,0.24,0.32,0.376,20.27,8.968,0.276,0.307,0.314,814,0.012,0.009,-0.006,-4.481,-2.389,0.008,0.007,0.013
Victor Mesa Jr.,25999,0.143,0.333,0.143,10,20,0.167,0.253,0.266,10,23,NA,NA,NA,NA,NA,NA,NA,NA,NA,NA,NA,NA,NA,NA,NA,NA,NA
Victor Robles,18363,0.273,0.283,0.341,15.217,0,0.316,0.272,0.216,46,28,0.264,0.328,0.362,21.135,5.918,0.332,0.307,0.285,828,0.009,-0.046,-0.021,-5.918,-5.918,-0.016,-0.034,-0.069
Victor Scott II,31349,0.241,0.329,0.322,25.862,9.483,0.331,0.297,0.285,232,24,0.179,0.219,0.283,27.097,3.871,0.233,0.221,0.246,155,0.062,0.11,0.039,-1.235,5.612,0.098,0.076,0.039
Vidal Brujan,20536,0.2,0.2,0.28,24,0,0.263,0.208,0.197,25,27,0.195,0.27,0.28,21.374,8.015,0.244,0.247,0.245,524,0.005,-0.07,-0,2.626,-8.015,0.019,-0.039,-0.048
Vinnie Pasquantino,27676,0.279,0.333,0.426,16.319,6.25,0.306,0.332,0.333,288,27,0.267,0.335,0.445,12.23,8.993,0.272,0.336,0.347,1112,0.012,-0.002,-0.018,4.089,-2.743,0.034,-0.004,-0.014
Vinny Capra,25040,0.104,0.136,0.169,25.301,2.41,0.125,0.138,0.205,83,28,0.167,0.25,0.222,23.81,9.524,0.231,0.22,0.233,21,-0.063,-0.114,-0.053,1.492,-7.114,-0.106,-0.082,-0.028
Vladimir Guerrero Jr.,19611,0.278,0.38,0.421,13.805,13.131,0.302,0.353,0.41,297,26,0.287,0.36,0.489,14.964,9.448,0.303,0.363,0.379,2085,-0.009,0.021,-0.069,-1.159,3.683,-0.001,-0.01,0.031
Wenceel Perez,22857,0.317,0.356,0.634,20,2.222,0.333,0.417,0.396,45,25,0.242,0.3,0.383,21.647,7.529,0.294,0.299,0.291,425,0.075,0.055,0.251,-1.647,-5.307,0.039,0.118,0.105
Weston Wilson,19358,0.171,0.293,0.257,31.707,14.634,0.238,0.261,0.348,41,30,0.288,0.375,0.49,28.333,11.667,0.388,0.373,0.334,120,-0.117,-0.082,-0.233,3.374,2.967,-0.15,-0.113,0.014
Will Benson,21853,0.244,0.309,0.5,26.804,8.247,0.268,0.346,0.395,97,27,0.223,0.311,0.413,35.476,10.668,0.331,0.315,0.287,778,0.021,-0.001,0.087,-8.671,-2.421,-0.063,0.031,0.108
Will Brennan,25660,0.091,0.231,0.091,7.692,7.692,0.1,0.178,0.205,13,27,0.27,0.308,0.377,12.778,4.338,0.297,0.298,0.305,853,-0.179,-0.078,-0.286,-5.086,3.355,-0.197,-0.12,-0.1
Will Smith,19197,0.324,0.427,0.503,17.431,15.138,0.374,0.405,0.393,218,30,0.256,0.343,0.445,17.303,10.143,0.275,0.34,0.343,1676,0.068,0.084,0.057,0.128,4.994,0.099,0.065,0.05
Will Wagner,29634,0.186,0.284,0.22,22.059,11.765,0.25,0.24,0.27,68,26,0.305,0.337,0.451,18.605,4.651,0.359,0.342,0.364,86,-0.118,-0.054,-0.231,3.454,7.114,-0.109,-0.101,-0.094
Will Wilson,25434,0.176,0.263,0.235,38.983,8.475,0.321,0.234,0.215,59,26,NA,NA,NA,NA,NA,NA,NA,NA,NA,NA,NA,NA,NA,NA,NA,NA,NA
Willi Castro,17338,0.28,0.362,0.463,24.324,9.189,0.354,0.361,0.334,185,28,0.248,0.321,0.387,23.05,6.964,0.31,0.311,0.305,1436,0.032,0.042,0.076,1.274,2.225,0.044,0.05,0.029
William Contreras,20503,0.238,0.348,0.336,21.377,14.493,0.297,0.309,0.312,276,27,0.283,0.363,0.472,22.149,10.804,0.34,0.361,0.347,1666,-0.045,-0.016,-0.136,-0.772,3.688,-0.044,-0.052,-0.035
Willie MacIver,24641,0.214,0.241,0.286,31.034,3.448,0.316,0.234,0.226,29,28,NA,NA,NA,NA,NA,NA,NA,NA,NA,NA,NA,NA,NA,NA,NA,NA,NA
Willson Contreras,11609,0.257,0.337,0.416,23.827,7.581,0.32,0.333,0.376,277,33,0.256,0.361,0.467,23.134,10.522,0.302,0.361,0.368,1340,0.001,-0.024,-0.051,0.692,-2.941,0.018,-0.028,0.008
Willy Adames,15986,0.204,0.29,0.337,26.531,10.884,0.257,0.28,0.305,294,29,0.236,0.314,0.443,25.939,9.985,0.279,0.326,0.333,1943,-0.032,-0.024,-0.106,0.591,0.9,-0.022,-0.047,-0.028
Wilmer Flores,5827,0.259,0.325,0.416,18.284,7.463,0.283,0.327,0.296,268,33,0.244,0.322,0.42,15.331,9.245,0.255,0.323,0.313,1298,0.015,0.003,-0.005,2.952,-1.782,0.028,0.005,-0.017
Wilyer Abreu,23772,0.245,0.321,0.471,23.077,10.256,0.266,0.338,0.367,234,26,0.263,0.333,0.461,27.82,9.211,0.343,0.342,0.323,532,-0.018,-0.012,0.01,-4.743,1.046,-0.077,-0.004,0.044
Wyatt Langford,33333,0.231,0.311,0.443,25.896,10.359,0.26,0.327,0.354,251,23,0.253,0.325,0.415,20.646,9.156,0.296,0.321,0.331,557,-0.022,-0.014,0.029,5.25,1.202,-0.036,0.006,0.023
Xander Bogaerts,12161,0.24,0.323,0.323,18.631,11.027,0.287,0.288,0.317,263,32,0.287,0.348,0.429,17.453,8.016,0.328,0.339,0.316,1759,-0.047,-0.025,-0.106,1.178,3.011,-0.04,-0.05,0.001
Xavier Edwards,22266,0.272,0.345,0.311,15.385,9.829,0.326,0.298,0.29,234,25,0.321,0.383,0.402,17.054,9.302,0.389,0.345,0.289,387,-0.049,-0.038,-0.092,-1.67,0.527,-0.064,-0.047,0.001
Yainer Diaz,23003,0.248,0.282,0.398,18.067,3.782,0.273,0.297,0.35,238,26,0.293,0.318,0.478,18.173,3.514,0.322,0.338,0.346,996,-0.045,-0.037,-0.079,-0.105,0.267,-0.049,-0.041,0.004
Yandy Diaz,16578,0.256,0.307,0.425,14.44,6.859,0.266,0.317,0.354,277,33,0.302,0.383,0.453,13.997,10.849,0.334,0.366,0.361,1779,-0.046,-0.077,-0.028,0.444,-3.99,-0.069,-0.049,-0.007
Yoan Moncada,17232,0.237,0.336,0.505,28.319,11.504,0.283,0.363,0.354,113,30,0.236,0.291,0.387,27.784,6.826,0.307,0.295,0.301,835,0.001,0.045,0.119,0.534,4.678,-0.024,0.068,0.053
Yohel Pozo,18848,0.29,0.297,0.435,4.688,1.562,0.276,0.316,0.304,64,28,NA,NA,NA,NA,NA,NA,NA,NA,NA,NA,NA,NA,NA,NA,NA,NA,NA
Yordan Alvarez,19556,0.21,0.306,0.34,17.355,13.223,0.222,0.278,0.363,121,28,0.303,0.401,0.587,17.317,12.766,0.315,0.414,0.434,1692,-0.093,-0.096,-0.247,0.039,0.457,-0.093,-0.136,-0.071
Yuli Gurriel,19198,0.111,0.2,0.139,20,10,0.143,0.168,0.186,40,41,0.243,0.297,0.356,13.497,6.646,0.27,0.286,0.275,978,-0.132,-0.097,-0.217,6.503,3.354,-0.127,-0.118,-0.089
Zac Veen,27770,0.118,0.189,0.235,37.838,5.405,0.158,0.196,0.203,37,23,NA,NA,NA,NA,NA,NA,NA,NA,NA,NA,NA,NA,NA,NA,NA,NA,NA
Zach Dezenzo,31562,0.245,0.321,0.367,33.945,10.092,0.373,0.308,0.329,109,25,0.242,0.277,0.371,33.846,4.615,0.342,0.283,0.298,65,0.003,0.044,-0.004,0.099,5.476,0.031,0.026,0.031
Zach McKinstry,19392,0.279,0.364,0.438,22.917,11.667,0.362,0.35,0.327,240,30,0.22,0.289,0.348,22.763,8.171,0.274,0.281,0.302,1028,0.059,0.075,0.089,0.154,3.495,0.088,0.069,0.025
Zach Neto,31347,0.281,0.318,0.503,27.488,4.265,0.348,0.352,0.369,211,24,0.241,0.314,0.42,23.308,6.337,0.287,0.32,0.315,931,0.041,0.003,0.083,4.18,-2.072,0.062,0.032,0.054
