Name,PlayerId,AVG_cur,OBP_cur,SLG_cur,K_pct_cur,BB_pct_cur,Barrel_pct_cur,BABIP_cur,wOBA_cur,xwOBA_cur,xwOBA_wOBA_gap_cur,PA_cur,Age,mlbamid,AVG_l3,OBP_l3,SLG_l3,K_pct_l3,BB_pct_l3,Barrel_pct_l3,BABIP_l3,wOBA_l3,xwOBA_l3,xwOBA_wOBA_gap_l3,PA_l3,AVG_diff,OBP_diff,SLG_diff,K_pct_diff,BB_pct_diff,Barrel_pct_diff,BABIP_diff,wOBA_diff,xwOBA_diff,xwOBA_wOBA_gap_diff,player_type
Aaron Judge,15640,0.226,0.314,0.516,34.286,8.571,11.429,0.25,0.367,0.316,-0.051,35,34,592450,0.312,0.445,0.674,25.041,18.74,14.503,0.355,0.457,0.467,0.01,1841,-0.086,-0.13,-0.158,9.245,-10.168,-3.074,-0.105,-0.09,-0.151,-0.061,hitter
Adam Frazier,15223,0,0.25,0,25,25,0,0,0.176,0.212,0.036,4,34,624428,0.242,0.303,0.36,17.219,6.623,1.987,0.276,0.291,0.289,-0.002,1208,-0.242,-0.053,-0.36,7.781,18.377,-1.987,-0.276,-0.115,-0.077,0.038,hitter
Addison Barger,24598,0.062,0.2,0.125,30,15,0,0.091,0.17,0.224,0.054,20,26,680718,0.229,0.286,0.422,24.897,6.878,7.015,0.271,0.303,0.318,0.015,727,-0.167,-0.086,-0.297,5.103,8.122,-7.015,-0.18,-0.133,-0.094,0.039,hitter
Adley Rutschman,26288,0.333,0.44,0.524,8,16,4,0.368,0.428,0.386,-0.042,25,28,668939,0.255,0.338,0.403,15.444,11.243,5.089,0.277,0.324,0.341,0.017,1690,0.079,0.102,0.121,-7.444,4.757,-1.089,0.091,0.104,0.045,-0.059,hitter
Adolis Garcia,19287,0.267,0.281,0.433,28.125,3.125,6.25,0.333,0.311,0.358,0.047,32,33,666969,0.232,0.295,0.435,26.817,7.599,8.59,0.273,0.313,0.326,0.013,1816,0.035,-0.014,-0.002,1.308,-4.474,-2.34,0.06,-0.002,0.032,0.034,hitter
Adrian Del Castillo,29554,0,0,0,66.667,0,0,0,0,NA,NA,3,26,680728,0.27,0.321,0.445,34.404,6.881,5.046,0.387,0.331,0.278,-0.052,218,-0.27,-0.321,-0.445,32.263,-6.881,-5.046,-0.387,-0.331,NA,NA,hitter
Agustin Ramirez,26546,0.273,0.448,0.318,17.241,20.69,0,0.353,0.36,0.289,-0.071,29,24,682663,0.231,0.287,0.413,19.316,6.154,8.034,0.253,0.302,0.332,0.03,585,0.042,0.161,-0.095,-2.075,14.536,-8.034,0.1,0.058,-0.043,-0.102,hitter
Alec Bohm,21618,0.167,0.286,0.267,8.571,11.429,0,0.154,0.266,0.334,0.068,35,29,664761,0.28,0.33,0.433,15.224,6.45,4.765,0.307,0.329,0.337,0.008,1721,-0.113,-0.044,-0.166,-6.652,4.979,-4.765,-0.153,-0.064,-0.003,0.06,hitter
Alec Burleson,27615,0.276,0.389,0.448,8.333,16.667,5.556,0.269,0.365,0.434,0.069,36,27,676475,0.271,0.321,0.428,13.441,6.519,5.847,0.286,0.324,0.337,0.012,1488,0.005,0.068,0.021,-5.108,10.148,-0.291,-0.016,0.04,0.097,0.057,hitter
Alejandro Kirk,22581,0.15,0.227,0.35,9.091,9.091,4.545,0.118,0.261,0.279,0.018,22,27,672386,0.263,0.335,0.383,11.796,9.513,5.86,0.279,0.315,0.336,0.021,1314,-0.113,-0.108,-0.033,-2.705,-0.422,-1.315,-0.161,-0.054,-0.057,-0.003,hitter
Alek Thomas,23792,0.138,0.167,0.241,26.667,3.333,6.667,0.19,0.183,0.329,0.146,30,26,677950,0.235,0.278,0.37,23.101,4.825,4.723,0.288,0.281,0.295,0.014,974,-0.097,-0.111,-0.129,3.566,-1.492,1.944,-0.098,-0.098,0.034,0.132,hitter
Alex Bregman,17678,0.214,0.312,0.429,12.5,12.5,9.375,0.182,0.334,0.354,0.02,32,32,608324,0.264,0.346,0.45,13.114,10.092,4.533,0.273,0.345,0.336,-0.009,1853,-0.05,-0.033,-0.022,-0.614,2.408,4.842,-0.091,-0.011,0.017,0.029,hitter
Alex Call,19296,0.4,0.5,0.6,0,16.667,0,0.4,0.484,0.7,0.216,6,31,669743,0.243,0.342,0.364,17.391,11.556,3.432,0.284,0.316,0.306,-0.01,874,0.157,0.158,0.236,-17.391,5.111,-3.432,0.116,0.168,0.394,0.226,hitter
Alex Freeland,31665,0.188,0.316,0.438,31.579,15.789,10.526,0.222,0.339,0.422,0.083,19,24,690976,0.19,0.292,0.31,36.082,11.34,4.124,0.298,0.273,0.258,-0.015,97,-0.003,0.024,0.128,-4.504,4.449,6.403,-0.076,0.066,0.164,0.098,hitter
Amed Rosario,15518,0.167,0.143,0.167,14.286,0,0,0.167,0.129,0.141,0.012,7,30,642708,0.271,0.306,0.389,18.762,4.159,3.235,0.323,0.302,0.302,-0,1082,-0.104,-0.163,-0.222,-4.476,-4.159,-3.235,-0.157,-0.173,-0.161,0.012,hitter
Andres Chaparro,21797,0.333,0.429,0.5,28.571,14.286,14.286,0.5,0.415,0.59,0.175,7,27,665953,0.203,0.268,0.358,22.439,5.854,5.366,0.241,0.275,0.284,0.009,205,0.13,0.16,0.142,6.132,8.432,8.92,0.259,0.14,0.305,0.166,hitter
Andres Gimenez,19950,0.3,0.344,0.567,15.625,6.25,6.25,0.304,0.398,0.322,-0.076,32,27,665926,0.242,0.301,0.356,16.996,5.13,2.905,0.277,0.289,0.299,0.01,1618,0.058,0.043,0.211,-1.371,1.12,3.345,0.028,0.109,0.023,-0.086,hitter
Andrew Benintendi,17901,0.2,0.238,0.2,47.619,4.762,0,0.4,0.206,0.211,0.005,21,31,643217,0.245,0.309,0.391,16.553,8.246,4.712,0.269,0.304,0.311,0.007,1613,-0.045,-0.07,-0.191,31.066,-3.484,-4.712,0.131,-0.098,-0.1,-0.002,hitter
Andrew McCutchen,9847,0.375,0.412,0.688,23.529,5.882,11.765,0.455,0.478,0.355,-0.123,17,39,457705,0.242,0.345,0.391,22.807,12.995,5.653,0.294,0.325,0.337,0.012,1539,0.133,0.066,0.297,0.722,-7.113,6.112,0.16,0.153,0.018,-0.135,hitter
Andrew Vaughn,26197,0.25,0.25,0.25,0,0,0,0.25,0.226,0.224,-0.002,4,28,683734,0.252,0.306,0.414,20.286,6.246,7.02,0.289,0.312,0.327,0.015,1681,-0.002,-0.056,-0.164,-20.286,-6.246,-7.02,-0.039,-0.086,-0.103,-0.017,hitter
Andruw Monasterio,19455,0.143,0.143,0.286,28.571,0,14.286,0.2,0.185,0.226,0.041,7,29,655316,0.25,0.321,0.351,23.311,8.615,4.223,0.321,0.299,0.298,-0.002,592,-0.107,-0.178,-0.065,5.261,-8.615,10.063,-0.121,-0.114,-0.072,0.042,hitter
Andy Ibanez,18819,0.222,0.3,0.222,20,10,0,0.286,0.252,0.245,-0.007,10,33,628451,0.251,0.304,0.392,19.268,6.22,5,0.292,0.303,0.306,0.003,820,-0.029,-0.004,-0.169,0.732,3.78,-5,-0.006,-0.052,-0.061,-0.01,hitter
Andy Pages,24816,0.5,0.516,0.833,12.903,3.226,6.452,0.522,0.591,0.434,-0.157,31,25,681624,0.262,0.31,0.439,22.774,5.436,6.56,0.307,0.323,0.318,-0.005,1067,0.238,0.207,0.394,-9.871,-2.21,-0.109,0.215,0.269,0.116,-0.153,hitter
Angel Martinez,26540,0.167,0.318,0.222,21.739,8.696,0,0.231,0.272,0.288,0.016,23,24,682657,0.226,0.277,0.353,21.899,5.819,2.144,0.271,0.276,0.259,-0.017,653,-0.059,0.042,-0.131,-0.16,2.876,-2.144,-0.041,-0.004,0.029,0.033,hitter
Austin Hays,19363,0.185,0.214,0.333,42.857,3.571,3.571,0.286,0.227,0.205,-0.022,28,30,669720,0.268,0.317,0.437,24.818,6.144,6.063,0.333,0.323,0.301,-0.022,1237,-0.083,-0.103,-0.104,18.039,-2.572,-2.492,-0.047,-0.096,-0.096,-0,hitter
Austin Hedges,12976,0.5,0.5,0.75,25,0,0,0.667,0.55,0.452,-0.097,4,33,595978,0.167,0.231,0.242,26.022,6.506,1.115,0.215,0.214,0.228,0.014,538,0.333,0.269,0.508,-1.022,-6.506,-1.115,0.452,0.335,0.224,-0.111,hitter
Austin Martin,27462,0.214,0.45,0.214,15,25,0,0.273,0.349,0.414,0.066,20,27,668885,0.265,0.341,0.357,17.808,9.589,2.055,0.327,0.312,0.317,0.005,438,-0.05,0.109,-0.143,-2.808,15.411,-2.055,-0.054,0.037,0.098,0.061,hitter
Austin Riley,18360,0.188,0.278,0.219,25,11.111,2.778,0.261,0.24,0.278,0.038,36,29,663586,0.268,0.329,0.475,25.628,7.541,9.565,0.324,0.343,0.354,0.011,1631,-0.081,-0.051,-0.257,-0.628,3.57,-6.787,-0.063,-0.103,-0.076,0.027,hitter
Austin Slater,16153,0,0.091,0,36.364,9.091,0,0,0.064,0.06,-0.005,11,33,596103,0.233,0.317,0.345,29.188,9.845,5.699,0.321,0.296,0.324,0.028,579,-0.233,-0.226,-0.345,7.175,-0.754,-5.699,-0.321,-0.231,-0.264,-0.033,hitter
Austin Wells,27562,0.2,0.304,0.2,30.435,13.043,0,0.308,0.249,0.243,-0.007,23,26,669224,0.224,0.294,0.423,23.372,8.538,6.724,0.25,0.308,0.32,0.012,937,-0.024,0.01,-0.223,7.062,4.506,-6.724,0.057,-0.059,-0.077,-0.018,hitter
Austin Wynns,15271,0.167,0.167,0.167,0,0,16.667,0.167,0.151,0.348,0.197,6,35,642851,0.254,0.299,0.409,27.636,5.091,3.273,0.333,0.306,0.259,-0.047,275,-0.087,-0.132,-0.242,-27.636,-5.091,13.394,-0.167,-0.155,0.089,0.244,hitter
Ben Rice,29576,0.36,0.484,0.76,29.032,19.355,12.903,0.5,0.528,0.487,-0.041,31,27,700250,0.234,0.319,0.462,20.904,9.887,10.452,0.252,0.336,0.381,0.045,708,0.126,0.165,0.298,8.128,9.468,2.451,0.248,0.192,0.106,-0.086,hitter
Ben Williamson,33197,0.286,0.31,0.321,17.241,3.448,0,0.348,0.288,0.266,-0.021,29,25,810938,0.253,0.294,0.31,21.695,5.085,2.373,0.325,0.269,0.269,-0,295,0.033,0.017,0.011,-4.454,-1.636,-2.373,0.022,0.018,-0.003,-0.021,hitter
Billy Cook,29573,NA,NA,NA,NA,NA,NA,NA,NA,NA,NA,0,27,695257,0.236,0.236,0.436,36.364,0,7.273,0.312,0.286,0.292,0.006,55,NA,NA,NA,NA,NA,NA,NA,NA,NA,NA,hitter
Blake Perkins,19921,0.083,0.214,0.167,21.429,14.286,0,0.111,0.193,0.257,0.064,14,29,663368,0.232,0.314,0.339,26.003,10.349,2.587,0.307,0.291,0.277,-0.014,773,-0.149,-0.1,-0.173,-4.574,3.936,-2.587,-0.195,-0.098,-0.02,0.078,hitter
Blaze Alexander,23789,0.333,0.368,0.333,31.579,5.263,5.263,0.5,0.323,0.377,0.054,19,27,677942,0.237,0.322,0.366,29.933,8.204,5.1,0.333,0.307,0.285,-0.022,451,0.096,0.046,-0.033,1.645,-2.941,0.163,0.167,0.016,0.092,0.076,hitter
Bo Bichette,19612,0.22,0.233,0.268,27.907,2.326,2.326,0.3,0.224,0.288,0.064,43,28,666182,0.291,0.333,0.445,17.252,5.559,6.006,0.332,0.336,0.346,0.011,1565,-0.071,-0.1,-0.177,10.655,-3.234,-3.681,-0.032,-0.112,-0.059,0.053,hitter
Bo Naylor,21865,0.174,0.208,0.174,29.167,4.167,8.333,0.25,0.18,0.259,0.078,24,26,666310,0.206,0.288,0.387,26.525,10.068,5.421,0.247,0.294,0.284,-0.01,1033,-0.032,-0.08,-0.214,2.642,-5.901,2.912,0.003,-0.114,-0.025,0.088,hitter
Bobby Witt Jr.,25764,0.241,0.324,0.241,20.588,11.765,2.941,0.304,0.256,0.403,0.147,34,26,677951,0.301,0.353,0.528,16.842,6.986,9.617,0.328,0.371,0.381,0.009,2090,-0.06,-0.03,-0.287,3.746,4.779,-6.676,-0.023,-0.115,0.022,0.138,hitter
Brady House,29993,0.3,0.382,0.433,32.353,11.765,8.824,0.444,0.37,0.395,0.025,34,23,691781,0.234,0.252,0.322,28.467,2.92,2.92,0.31,0.248,0.284,0.036,274,0.066,0.131,0.111,3.886,8.845,5.904,0.135,0.122,0.111,-0.011,hitter
Brandon Lockridge,21496,0.333,0.364,0.381,13.636,4.545,4.545,0.389,0.338,0.247,-0.091,22,29,663604,0.226,0.268,0.308,25,5,2.5,0.299,0.254,0.261,0.007,160,0.107,0.096,0.073,-11.364,-0.455,2.045,0.09,0.084,-0.014,-0.099,hitter
Brandon Lowe,18882,0.28,0.419,0.72,19.355,19.355,6.452,0.25,0.484,0.39,-0.094,31,31,664040,0.245,0.315,0.466,26.874,8.557,7.709,0.288,0.334,0.338,0.004,1414,0.035,0.105,0.254,-7.519,10.798,-1.257,-0.038,0.15,0.052,-0.098,hitter
Brandon Marsh,20202,0.31,0.355,0.483,16.129,6.452,3.226,0.348,0.373,0.393,0.02,31,28,669016,0.268,0.347,0.44,29.716,10.706,5.39,0.369,0.341,0.325,-0.016,1373,0.042,0.007,0.043,-13.587,-4.255,-2.164,-0.021,0.032,0.068,0.036,hitter
Brandon Nimmo,12927,0.344,0.432,0.531,21.622,10.811,5.405,0.435,0.429,0.391,-0.037,37,33,607043,0.254,0.338,0.434,22.283,10.065,6.009,0.298,0.336,0.336,-0,1997,0.09,0.094,0.097,-0.662,0.746,-0.604,0.136,0.092,0.055,-0.037,hitter
Braxton Fulford,29704,0.4,0.4,1,40,0,0,0.5,0.606,0.115,-0.491,5,27,690924,0.213,0.267,0.324,30,5.833,3.333,0.297,0.258,0.262,0.003,120,0.187,0.133,0.676,10,-5.833,-3.333,0.203,0.348,-0.147,-0.494,hitter
Brayan Rocchio,23690,0.227,0.37,0.273,10.714,10.714,0,0.263,0.315,0.35,0.035,28,25,677587,0.222,0.293,0.327,21.295,7.684,2.305,0.271,0.276,0.277,0.001,911,0.006,0.078,-0.054,-10.581,3.03,-2.305,-0.008,0.039,0.074,0.034,hitter
Brendan Donovan,24679,0.37,0.485,0.667,18.182,12.121,6.061,0.421,0.502,0.378,-0.124,33,29,680977,0.282,0.351,0.42,13.069,7.932,5.137,0.307,0.337,0.343,0.006,1538,0.088,0.134,0.247,5.113,4.189,0.924,0.114,0.165,0.035,-0.13,hitter
Brent Rooker,19627,0.133,0.212,0.133,42.424,9.091,9.091,0.25,0.174,0.211,0.037,33,31,667670,0.268,0.343,0.509,27.406,9.407,9.407,0.325,0.363,0.359,-0.005,1839,-0.135,-0.131,-0.376,15.018,-0.316,-0.316,-0.075,-0.189,-0.147,0.042,hitter
Brenton Doyle,25479,0.148,0.207,0.185,34.483,6.897,0,0.235,0.187,0.246,0.059,29,28,686668,0.235,0.284,0.394,28.117,6.234,6.616,0.301,0.293,0.3,0.007,1572,-0.087,-0.077,-0.208,6.366,0.662,-6.616,-0.065,-0.106,-0.054,0.052,hitter
Brett Baty,26123,0.242,0.242,0.364,30.303,0,3.03,0.348,0.265,0.241,-0.024,33,26,683146,0.234,0.297,0.373,26.109,7.863,6.25,0.292,0.294,0.312,0.018,992,0.009,-0.055,-0.009,4.194,-7.863,-3.22,0.056,-0.028,-0.07,-0.042,hitter
Brett Sullivan,18217,0.3,0.364,0.3,27.273,9.091,0,0.429,0.311,0.22,-0.091,11,32,664954,0.204,0.25,0.291,23.214,5.357,2.679,0.247,0.239,0.245,0.006,112,0.096,0.114,0.009,4.058,3.734,-2.679,0.182,0.072,-0.026,-0.097,hitter
Brice Matthews,33280,0.125,0.222,0.375,50,11.111,5.556,0.167,0.268,0.253,-0.016,18,24,694728,0.167,0.222,0.452,42.553,4.255,12.766,0.167,0.287,0.294,0.008,47,-0.042,0,-0.077,7.447,6.856,-7.21,0,-0.019,-0.042,-0.023,hitter
Brice Turang,22186,0.333,0.429,0.633,27.778,13.889,5.556,0.474,0.46,0.455,-0.005,36,26,668930,0.257,0.325,0.368,20.22,8.922,3.187,0.312,0.306,0.306,-0,1726,0.076,0.104,0.265,7.558,4.967,2.369,0.162,0.154,0.15,-0.004,hitter
Brooks Lee,31595,0.188,0.235,0.188,35.294,5.882,0,0.3,0.201,0.205,0.004,17,25,686797,0.232,0.279,0.357,16.713,5.899,4.073,0.254,0.277,0.285,0.008,712,-0.045,-0.044,-0.169,18.581,-0.017,-4.073,0.046,-0.076,-0.08,-0.004,hitter
Bryan Reynolds,19326,0.235,0.297,0.441,32.432,8.108,5.405,0.3,0.329,0.305,-0.024,37,31,668804,0.261,0.331,0.436,23.515,8.409,6.848,0.318,0.332,0.349,0.017,1986,-0.026,-0.034,0.005,8.918,-0.301,-1.443,-0.018,-0.003,-0.044,-0.041,hitter
Bryce Harper,11579,0.156,0.229,0.375,14.286,8.571,8.571,0.12,0.27,0.339,0.068,35,33,547180,0.28,0.376,0.505,21.514,12.863,8.082,0.324,0.375,0.374,-0.002,1757,-0.124,-0.148,-0.13,-7.228,-4.291,0.489,-0.204,-0.105,-0.035,0.07,hitter
Bryce Johnson,20002,0.125,0.222,0.25,55.556,11.111,0,0.333,0.222,0.165,-0.057,9,30,669369,0.253,0.312,0.324,22.439,6.829,2.439,0.326,0.285,0.293,0.008,205,-0.128,-0.089,-0.074,33.117,4.282,-2.439,0.007,-0.063,-0.128,-0.065,hitter
Bryce Teodosio,29524,0,0,0,50,0,0,0,0,0.082,0.082,4,27,669326,0.193,0.236,0.287,32.099,3.086,2.469,0.283,0.23,0.214,-0.016,162,-0.193,-0.236,-0.287,17.901,-3.086,-2.469,-0.283,-0.23,-0.132,0.098,hitter
Bryson Stott,26294,0.261,0.32,0.304,16,8,4,0.316,0.289,0.295,0.005,25,28,681082,0.262,0.324,0.39,16.036,8.244,3.331,0.293,0.312,0.309,-0.003,1771,-0.001,-0.004,-0.086,-0.036,-0.244,0.669,0.023,-0.023,-0.015,0.008,hitter
Byron Buxton,14161,0.154,0.207,0.269,31.034,3.448,3.448,0.222,0.213,0.195,-0.019,29,32,621439,0.254,0.32,0.513,27.878,7.518,9.71,0.302,0.351,0.342,-0.01,1277,-0.1,-0.113,-0.243,3.157,-4.069,-6.262,-0.079,-0.138,-0.147,-0.009,hitter
CJ Abrams,25768,0.286,0.375,0.607,18.75,9.375,6.25,0.263,0.43,0.336,-0.094,32,25,682928,0.249,0.31,0.426,20.043,5.889,5.132,0.287,0.317,0.31,-0.007,1851,0.036,0.065,0.181,-1.293,3.486,1.118,-0.024,0.112,0.025,-0.087,hitter
CJ Kayfus,33704,0,0.231,0,46.154,15.385,0,0,0.165,0.194,0.029,13,24,692216,0.22,0.292,0.415,27.536,7.971,5.797,0.28,0.306,0.322,0.017,138,-0.22,-0.061,-0.415,18.618,7.414,-5.797,-0.28,-0.141,-0.128,0.012,hitter
Cal Raleigh,21534,0.121,0.216,0.152,45.946,10.811,0,0.25,0.185,0.176,-0.009,37,29,663728,0.233,0.328,0.497,27.445,11.619,9.621,0.257,0.349,0.35,0.001,1902,-0.112,-0.111,-0.346,18.501,-0.809,-9.621,-0.007,-0.165,-0.175,-0.01,hitter
Caleb Durbin,29646,0.08,0.115,0.08,23.077,3.846,0,0.105,0.097,0.217,0.12,26,26,702332,0.256,0.334,0.387,9.881,5.929,3.162,0.265,0.319,0.312,-0.007,506,-0.176,-0.219,-0.307,13.196,-2.083,-3.162,-0.16,-0.223,-0.095,0.127,hitter
Cam Smith,35108,0.25,0.382,0.5,26.471,14.706,5.882,0.294,0.395,0.322,-0.073,34,23,701358,0.236,0.312,0.358,27.789,8.722,4.26,0.32,0.298,0.304,0.007,493,0.014,0.07,0.142,-1.318,5.984,1.623,-0.026,0.097,0.018,-0.08,hitter
Carlos Correa,14162,0.242,0.324,0.364,10.811,10.811,5.405,0.25,0.305,0.358,0.054,37,31,621043,0.266,0.338,0.428,19.922,9.406,5.879,0.311,0.332,0.338,0.006,1531,-0.024,-0.014,-0.064,-9.111,1.405,-0.473,-0.061,-0.028,0.02,0.048,hitter
Carlos Cortes,21842,0.4,0.5,0.6,16.667,16.667,0,0.5,0.484,0.437,-0.047,6,29,666126,0.309,0.323,0.543,20.202,3.03,7.071,0.347,0.363,0.316,-0.047,99,0.091,0.177,0.057,-3.535,13.636,-7.071,0.153,0.121,0.121,-0,hitter
Carlos Narvaez,19722,0.333,0.333,0.333,25,0,0,0.455,0.302,0.373,0.071,16,27,665966,0.24,0.307,0.413,25.38,8.677,5.857,0.297,0.314,0.294,-0.02,461,0.093,0.026,-0.08,-0.38,-8.677,-5.857,0.157,-0.012,0.079,0.091,hitter
Carlos Santana,2396,0.043,0.12,0.087,32,8,0,0.067,0.108,0.161,0.053,25,40,467793,0.234,0.319,0.397,17.427,10.788,4.564,0.253,0.313,0.311,-0.003,1687,-0.19,-0.199,-0.31,14.573,-2.788,-4.564,-0.187,-0.205,-0.15,0.055,hitter
Carson Benge,35177,0.111,0.2,0.222,33.333,10,3.333,0.125,0.202,0.246,0.044,30,23,701807,NA,NA,NA,NA,NA,NA,NA,NA,NA,NA,NA,NA,NA,NA,NA,NA,NA,NA,NA,NA,NA,hitter
Carson Kelly,13620,0.25,0.348,0.25,17.391,13.043,4.348,0.312,0.289,0.375,0.087,23,31,608348,0.238,0.316,0.384,19.774,9.492,5.085,0.27,0.309,0.306,-0.003,885,0.012,0.031,-0.134,-2.383,3.552,-0.737,0.043,-0.02,0.07,0.09,hitter
Carson Williams,30038,0.13,0.167,0.174,36,4,0,0.214,0.159,0.19,0.031,25,23,700246,0.172,0.219,0.354,41.509,5.66,4.717,0.24,0.248,0.235,-0.012,106,-0.041,-0.052,-0.18,-5.509,-1.66,-4.717,-0.026,-0.089,-0.046,0.044,hitter
Carter Jensen,29478,0.2,0.261,0.4,39.13,8.696,4.348,0.273,0.289,0.188,-0.101,23,22,695600,0.3,0.391,0.55,17.391,13.043,14.493,0.333,0.403,0.447,0.044,69,-0.1,-0.13,-0.15,21.739,-4.348,-10.145,-0.061,-0.114,-0.259,-0.145,hitter
Casey Schmitt,27577,0.273,0.36,0.318,24,4,0,0.375,0.32,0.256,-0.064,25,27,669477,0.228,0.283,0.384,23.442,5.962,5.556,0.269,0.29,0.307,0.018,738,0.045,0.077,-0.066,0.558,-1.962,-5.556,0.106,0.03,-0.052,-0.082,hitter
Ceddanne Rafaela,24262,0.28,0.308,0.4,23.077,0,7.692,0.333,0.319,0.255,-0.064,26,25,678882,0.247,0.284,0.401,23.737,3.769,5.854,0.302,0.296,0.286,-0.01,1247,0.033,0.023,-0.001,-0.66,-3.769,1.838,0.031,0.023,-0.03,-0.053,hitter
Cedric Mullins,17929,0.133,0.156,0.167,31.25,0,0,0.19,0.148,0.122,-0.026,32,31,656775,0.228,0.303,0.404,21.97,9.229,3.926,0.261,0.307,0.289,-0.019,1452,-0.094,-0.147,-0.237,9.28,-9.229,-3.926,-0.071,-0.159,-0.166,-0.007,hitter
Chandler Simpson,31912,0.414,0.469,0.483,6.25,9.375,0,0.444,0.429,0.316,-0.113,32,25,802415,0.295,0.326,0.345,9.751,4.535,0,0.327,0.296,0.297,0.001,441,0.119,0.143,0.137,-3.501,4.84,0,0.117,0.133,0.019,-0.113,hitter
Chase DeLauter,32127,0.346,0.37,0.923,25.926,3.704,14.815,0.286,0.554,0.446,-0.107,27,24,800050,NA,NA,NA,NA,NA,NA,NA,NA,NA,NA,NA,NA,NA,NA,NA,NA,NA,NA,NA,NA,NA,hitter
Chase Meidroth,31580,0.192,0.3,0.346,23.333,13.333,3.333,0.222,0.298,0.319,0.02,30,24,805367,0.253,0.329,0.32,14.257,8.911,1.188,0.291,0.294,0.3,0.006,505,-0.061,-0.029,0.026,9.076,4.422,2.145,-0.069,0.005,0.019,0.014,hitter
Christian Vazquez,9774,0.312,0.353,0.625,16.667,5.556,5.556,0.333,0.425,0.358,-0.068,18,35,543877,0.215,0.267,0.311,20.588,6.109,2.602,0.255,0.255,0.266,0.011,884,0.098,0.086,0.314,-3.922,-0.553,2.954,0.078,0.17,0.091,-0.079,hitter
Christian Walker,13419,0.344,0.417,0.625,16.667,11.111,13.889,0.4,0.454,0.422,-0.031,36,35,572233,0.248,0.321,0.461,23.583,8.473,8.203,0.283,0.335,0.334,-0.001,1853,0.095,0.095,0.164,-6.917,2.638,5.686,0.117,0.119,0.088,-0.03,hitter
Christian Yelich,11477,0.345,0.387,0.448,29.032,6.452,3.226,0.474,0.366,0.319,-0.047,31,34,592885,0.279,0.366,0.46,22.942,11.439,6.097,0.34,0.357,0.351,-0.005,1591,0.066,0.021,-0.012,6.091,-4.988,-2.871,0.134,0.009,-0.033,-0.042,hitter
Coby Mayo,28312,0.15,0.292,0.2,33.333,16.667,0,0.25,0.247,0.261,0.014,24,24,691723,0.201,0.285,0.349,31.176,9.118,5.294,0.267,0.282,0.278,-0.004,340,-0.051,0.006,-0.149,2.157,7.549,-5.294,-0.017,-0.036,-0.018,0.018,hitter
Cody Bellinger,15998,0.286,0.4,0.5,11.429,17.143,5.714,0.292,0.395,0.361,-0.034,35,30,641355,0.281,0.338,0.477,14.935,7.973,5.109,0.292,0.346,0.319,-0.028,1781,0.005,0.062,0.023,-3.507,9.17,0.605,-0.001,0.048,0.042,-0.006,hitter
Cole Young,31680,0.281,0.324,0.5,35.294,2.941,2.941,0.421,0.362,0.249,-0.114,34,22,702284,0.211,0.302,0.305,18.288,10.895,3.891,0.247,0.274,0.297,0.023,257,0.07,0.022,0.195,17.006,-7.954,-0.95,0.174,0.089,-0.048,-0.137,hitter
Colson Montgomery,29712,0.207,0.303,0.414,33.333,12.121,6.061,0.25,0.324,0.273,-0.051,33,24,695657,0.239,0.311,0.529,29.225,8.803,8.803,0.263,0.355,0.341,-0.014,284,-0.032,-0.008,-0.116,4.108,3.318,-2.742,-0.013,-0.031,-0.068,-0.037,hitter
Colt Keith,27899,0.417,0.462,0.583,23.077,7.692,7.692,0.556,0.462,0.402,-0.06,26,24,690993,0.258,0.32,0.395,20.703,8.203,5.078,0.307,0.312,0.325,0.013,1024,0.159,0.141,0.189,2.374,-0.511,2.614,0.249,0.15,0.077,-0.073,hitter
Colton Cowser,29591,0.235,0.333,0.294,22.727,13.636,4.545,0.308,0.292,0.309,0.017,22,26,681297,0.216,0.3,0.404,32.265,9.218,7.415,0.287,0.307,0.312,0.006,998,0.019,0.034,-0.109,-9.537,4.418,-2.869,0.02,-0.015,-0.003,0.012,hitter
Connor Norby,29592,0.174,0.296,0.261,22.222,3.704,3.704,0.235,0.271,0.299,0.028,27,26,681393,0.245,0.298,0.407,29.002,6.215,7.156,0.32,0.306,0.31,0.005,531,-0.071,-0.001,-0.146,-6.78,-2.511,-3.453,-0.085,-0.035,-0.011,0.024,hitter
Connor Wong,19896,0.5,0.5,0.8,30,0,0,0.714,0.569,0.334,-0.235,10,30,657136,0.247,0.304,0.378,26.902,6.122,4.36,0.327,0.299,0.279,-0.02,1078,0.253,0.196,0.422,3.098,-6.122,-4.36,0.387,0.271,0.055,-0.216,hitter
Corbin Carroll,25878,0.25,0.371,0.571,22.857,17.143,11.429,0.263,0.404,0.419,0.016,35,25,682998,0.258,0.341,0.491,20.7,9.995,6.494,0.292,0.355,0.346,-0.009,1971,-0.008,0.03,0.081,2.157,7.148,4.934,-0.029,0.049,0.073,0.024,hitter
Corey Seager,13624,0.267,0.361,0.567,22.222,13.889,11.111,0.25,0.401,0.386,-0.015,36,32,608369,0.294,0.372,0.544,17.9,10.568,10.766,0.311,0.384,0.401,0.017,1514,-0.027,-0.011,0.022,4.323,3.321,0.345,-0.061,0.017,-0.014,-0.031,hitter
Curtis Mead,23986,0.125,0.222,0.25,22.222,11.111,11.111,0.167,0.222,0.369,0.147,9,25,678554,0.238,0.3,0.317,23.361,5.738,2.869,0.308,0.276,0.285,0.008,488,-0.113,-0.078,-0.067,-1.138,5.373,8.242,-0.141,-0.054,0.084,0.139,hitter
Dalton Rushing,31382,0.5,0.5,0.5,0,0,0,0.5,0.453,0.111,-0.342,2,25,687221,0.204,0.258,0.324,37.419,6.452,7.742,0.305,0.256,0.283,0.027,155,0.296,0.242,0.176,-37.419,-6.452,-7.742,0.195,0.197,-0.172,-0.369,hitter
Dane Myers,22054,0.267,0.267,0.267,20,0,0,0.333,0.241,0.334,0.092,15,30,667472,0.245,0.299,0.354,25.832,6.458,5.088,0.317,0.288,0.311,0.023,511,0.021,-0.033,-0.087,-5.832,-6.458,-5.088,0.016,-0.047,0.023,0.07,hitter
Daniel Schneemann,25180,0.227,0.227,0.409,22.727,0,4.545,0.294,0.276,0.327,0.051,22,29,682177,0.21,0.29,0.358,29.082,9.798,5.599,0.277,0.286,0.29,0.004,643,0.017,-0.062,0.051,-6.355,-9.798,-1.053,0.017,-0.009,0.037,0.046,hitter
Daniel Susac,31441,1,1,1,0,25,0,1,0.855,0.711,-0.144,4,25,691740,NA,NA,NA,NA,NA,NA,NA,NA,NA,NA,NA,NA,NA,NA,NA,NA,NA,NA,NA,NA,NA,hitter
Danny Jansen,16535,0.25,0.25,0.458,25,0,4.167,0.294,0.31,0.252,-0.058,24,31,643376,0.216,0.314,0.406,21.726,10.915,5.613,0.237,0.316,0.301,-0.015,962,0.034,-0.064,0.052,3.274,-10.915,-1.447,0.057,-0.006,-0.049,-0.043,hitter
Dansby Swanson,18314,0.143,0.296,0.143,29.63,18.519,3.704,0.214,0.231,0.272,0.041,27,32,621020,0.243,0.313,0.408,24.84,8.902,6.983,0.298,0.314,0.337,0.024,1876,-0.1,-0.017,-0.265,4.79,9.617,-3.279,-0.084,-0.083,-0.065,0.018,hitter
Darell Hernaiz,26224,0.125,0.125,0.125,25,0,0,0.167,0.113,0.123,0.01,8,24,687231,0.215,0.28,0.28,15.361,8.434,1.807,0.244,0.252,0.291,0.039,332,-0.09,-0.155,-0.155,9.639,-8.434,-1.807,-0.077,-0.138,-0.168,-0.03,hitter
Daulton Varsho,19918,0.16,0.25,0.2,14.286,10.714,3.571,0.19,0.201,0.325,0.124,28,29,662139,0.221,0.288,0.428,25.568,8.059,5.641,0.257,0.307,0.291,-0.016,1365,-0.061,-0.038,-0.228,-11.282,2.656,-2.07,-0.067,-0.107,0.033,0.14,hitter
David Fry,24934,0.286,0.286,0.429,57.143,0,28.571,0.667,0.314,0.223,-0.092,7,30,681807,0.235,0.32,0.421,25.982,8.912,5.438,0.286,0.322,0.298,-0.024,662,0.05,-0.034,0.008,31.161,-8.912,23.133,0.381,-0.007,-0.075,-0.068,hitter
David Hamilton,27531,0.235,0.458,0.235,16,28,0,0.308,0.356,0.364,0.007,25,28,666152,0.222,0.283,0.359,24.909,7.455,3.636,0.278,0.283,0.27,-0.013,550,0.013,0.175,-0.124,-8.909,20.545,-3.636,0.03,0.074,0.094,0.02,hitter
Davis Schneider,23565,0.333,0.4,0.667,20,10,10,0.333,0.464,0.303,-0.161,10,27,676914,0.217,0.325,0.411,30.049,12.652,7.543,0.28,0.323,0.311,-0.012,822,0.117,0.075,0.256,-10.049,-2.652,2.457,0.053,0.141,-0.008,-0.149,hitter
Daylen Lile,29995,0.333,0.368,0.417,10.526,5.263,0,0.375,0.354,0.324,-0.03,38,23,695734,0.299,0.347,0.498,15.954,5.983,3.989,0.336,0.36,0.348,-0.013,351,0.034,0.022,-0.082,-5.428,-0.72,-3.989,0.039,-0.007,-0.024,-0.018,hitter
Denzel Clarke,29858,0.15,0.227,0.15,45.455,9.091,0,0.3,0.188,0.223,0.036,22,26,672016,0.23,0.274,0.372,38.365,3.774,3.774,0.369,0.281,0.254,-0.028,159,-0.08,-0.047,-0.222,7.09,5.317,-3.774,-0.069,-0.094,-0.03,0.063,hitter
Derek Hill,16947,0.333,0.5,0.333,25,25,0,0.5,0.402,0.366,-0.037,4,30,656537,0.222,0.268,0.353,30.997,4.582,5.93,0.301,0.272,0.29,0.018,371,0.112,0.232,-0.019,-5.997,20.418,-5.93,0.199,0.13,0.076,-0.054,hitter
Deyvison De Los Santos,27969,0.5,0.5,1,0,0,50,0.5,0.647,0.702,0.055,2,23,691277,NA,NA,NA,NA,NA,NA,NA,NA,NA,NA,NA,NA,NA,NA,NA,NA,NA,NA,NA,NA,NA,hitter
Dillon Dingler,27464,0.273,0.385,0.591,30.769,7.692,19.231,0.333,0.429,0.522,0.093,26,27,693307,0.26,0.306,0.407,25.18,4.676,5.755,0.331,0.309,0.34,0.031,556,0.013,0.078,0.184,5.589,3.016,13.475,0.003,0.12,0.182,0.062,hitter
Dominic Canzone,26438,0.278,0.35,0.667,15,5,15,0.231,0.44,0.565,0.125,20,28,686527,0.247,0.304,0.428,22.571,7.21,8.934,0.284,0.315,0.341,0.026,638,0.031,0.046,0.239,-7.571,-2.21,6.066,-0.053,0.125,0.224,0.099,hitter
Dominic Smith,15653,0.35,0.409,0.65,18.182,9.091,9.091,0.357,0.463,0.513,0.05,22,31,642086,0.254,0.324,0.38,18.694,8.05,5.098,0.299,0.31,0.312,0.002,1118,0.096,0.085,0.27,-0.512,1.041,3.993,0.058,0.153,0.201,0.048,hitter
Drake Baldwin,31539,0.257,0.35,0.543,7.5,10,12.5,0.207,0.394,0.467,0.073,40,25,686948,0.274,0.341,0.469,15.247,8.52,8.296,0.289,0.351,0.353,0.003,446,-0.017,0.009,0.074,-7.747,1.48,4.204,-0.082,0.043,0.114,0.071,hitter
Drew Millas,25643,0.133,0.235,0.133,35.294,11.765,0,0.222,0.189,0.32,0.13,17,28,686452,0.276,0.34,0.396,18.667,8.667,2.667,0.337,0.324,0.299,-0.025,150,-0.143,-0.105,-0.262,16.627,3.098,-2.667,-0.114,-0.135,0.02,0.155,hitter
Dylan Beavers,31695,0.318,0.318,0.5,18.182,0,4.545,0.353,0.361,0.299,-0.062,22,24,687637,0.227,0.375,0.4,26.277,18.978,5.109,0.3,0.347,0.344,-0.003,137,0.091,-0.057,0.1,-8.096,-18.978,-0.564,0.053,0.014,-0.045,-0.059,hitter
Edgar Quero,28022,0.176,0.222,0.176,21.053,5.263,0,0.231,0.19,0.228,0.038,19,23,700337,0.268,0.333,0.356,17.618,7.94,2.73,0.32,0.307,0.29,-0.017,403,-0.092,-0.11,-0.18,3.435,-2.677,-2.73,-0.089,-0.117,-0.062,0.055,hitter
Edmundo Sosa,17022,0.111,0.2,0.111,20,10,0,0.143,0.161,0.321,0.16,10,30,624641,0.261,0.304,0.438,23.473,3.713,5.03,0.313,0.319,0.296,-0.024,835,-0.15,-0.104,-0.327,-3.473,6.287,-5.03,-0.171,-0.158,0.025,0.183,hitter
Edouard Julien,27534,0.111,0.2,0.222,50,10,20,0.25,0.2,0.332,0.132,10,27,666397,0.232,0.336,0.382,31.734,12.977,6.434,0.328,0.319,0.322,0.004,917,-0.12,-0.136,-0.159,18.266,-2.977,13.566,-0.078,-0.119,0.01,0.129,hitter
Eli White,19346,0.111,0.2,0.111,20,10,0,0.143,0.161,0.173,0.012,10,32,642201,0.233,0.277,0.395,26.97,4.242,6.061,0.29,0.29,0.304,0.014,330,-0.122,-0.077,-0.284,-6.97,5.758,-6.061,-0.148,-0.129,-0.13,-0.002,hitter
Elly De La Cruz,26668,0.219,0.286,0.5,37.143,8.571,8.571,0.25,0.346,0.311,-0.035,35,24,682829,0.255,0.329,0.445,29.802,9.385,6.476,0.345,0.332,0.32,-0.012,1822,-0.036,-0.043,0.055,7.34,-0.814,2.095,-0.095,0.014,-0.009,-0.023,hitter
Ernie Clement,20352,0.273,0.273,0.364,3.03,0,0,0.281,0.282,0.289,0.007,33,30,676391,0.276,0.305,0.407,9.707,3.571,2.564,0.288,0.307,0.29,-0.017,1092,-0.003,-0.032,-0.044,-6.677,-3.571,-2.564,-0.007,-0.025,-0.001,0.024,hitter
Eugenio Suarez,12552,0.226,0.25,0.419,40.625,3.125,9.375,0.312,0.296,0.366,0.07,32,34,553993,0.238,0.313,0.462,29.432,8.287,7.685,0.289,0.332,0.324,-0.008,1991,-0.013,-0.063,-0.042,11.193,-5.162,1.69,0.023,-0.036,0.042,0.078,hitter
Evan Carter,27790,0.273,0.407,0.409,25.926,18.519,0,0.4,0.375,0.365,-0.01,27,23,694497,0.235,0.326,0.42,23.632,10.066,4.158,0.283,0.325,0.306,-0.019,457,0.038,0.081,-0.011,2.294,8.453,-4.158,0.117,0.05,0.059,0.009,hitter
Everson Pereira,23695,0.25,0.294,0.5,41.176,5.882,11.765,0.375,0.349,0.34,-0.009,17,25,677592,0.146,0.227,0.215,38.636,8.523,3.977,0.236,0.206,0.259,0.052,176,0.104,0.067,0.285,2.54,-2.64,7.787,0.139,0.143,0.081,-0.062,hitter
Ezequiel Duran,23733,0.273,0.273,0.636,27.273,0,9.091,0.286,0.393,0.182,-0.212,11,27,677649,0.255,0.3,0.371,25.239,4.772,3.818,0.33,0.293,0.282,-0.011,943,0.018,-0.027,0.265,2.034,-4.772,5.273,-0.044,0.1,-0.1,-0.201,hitter
Ezequiel Tovar,24064,0.294,0.294,0.441,29.412,0,5.882,0.391,0.325,0.367,0.042,34,24,678662,0.259,0.292,0.431,27.294,4.059,5.941,0.333,0.31,0.297,-0.013,1700,0.035,0.002,0.01,2.118,-4.059,-0.059,0.059,0.015,0.07,0.055,hitter
Fernando Tatis Jr.,19709,0.2,0.294,0.267,26.471,11.765,2.941,0.286,0.266,0.341,0.076,34,27,665487,0.266,0.344,0.459,20.748,9.864,8.107,0.305,0.347,0.372,0.025,1764,-0.066,-0.05,-0.192,5.722,1.901,-5.165,-0.019,-0.081,-0.031,0.05,hitter
Francisco Alvarez,26121,0.286,0.375,0.762,20,8,20,0.231,0.484,0.544,0.06,25,24,682626,0.231,0.306,0.428,25.816,8.733,6.718,0.271,0.319,0.305,-0.013,1042,0.055,0.069,0.333,-5.816,-0.733,13.282,-0.04,0.166,0.239,0.073,hitter
Francisco Lindor,12916,0.156,0.372,0.281,16.279,23.256,6.977,0.2,0.321,0.409,0.088,43,32,596019,0.265,0.342,0.479,18.738,8.871,7.638,0.287,0.353,0.357,0.004,2108,-0.109,0.03,-0.197,-2.459,14.385,-0.661,-0.087,-0.032,0.052,0.084,hitter
Freddie Freeman,5361,0.242,0.286,0.515,5.714,2.857,14.286,0.207,0.351,0.455,0.103,35,36,518692,0.304,0.386,0.518,17.494,10.526,7.218,0.341,0.383,0.377,-0.007,1995,-0.062,-0.1,-0.002,-11.779,-7.669,7.068,-0.134,-0.032,0.078,0.11,hitter
Freddy Fermin,21840,0.118,0.211,0.176,26.316,10.526,0,0.167,0.19,0.201,0.011,19,31,666023,0.266,0.311,0.379,19.053,5.789,3.895,0.313,0.301,0.289,-0.012,950,-0.149,-0.101,-0.203,7.263,4.737,-3.895,-0.147,-0.111,-0.088,0.023,hitter
Gabriel Arias,22563,0.143,0.217,0.429,43.478,8.696,8.696,0.111,0.285,0.261,-0.025,23,26,672356,0.217,0.272,0.358,33.572,6.244,6.039,0.309,0.275,0.29,0.016,977,-0.074,-0.054,0.071,9.906,2.452,2.657,-0.198,0.011,-0.03,-0.041,hitter
Gabriel Moreno,22664,0.241,0.29,0.31,12.903,6.452,3.226,0.28,0.275,0.278,0.003,31,26,672515,0.278,0.348,0.406,17.308,9.519,4.423,0.322,0.329,0.327,-0.002,1040,-0.037,-0.058,-0.096,-4.404,-3.068,-1.197,-0.042,-0.054,-0.049,0.005,hitter
Garrett Mitchell,27555,0.318,0.4,0.591,38.462,11.538,0,0.545,0.434,0.287,-0.147,26,27,669003,0.243,0.325,0.429,32.533,10.4,4.8,0.348,0.327,0.302,-0.026,375,0.075,0.075,0.162,5.928,1.138,-4.8,0.197,0.106,-0.015,-0.121,hitter
Gary Sanchez,11442,0.3,0.417,0.9,41.667,16.667,16.667,0.333,0.547,0.647,0.1,12,33,596142,0.22,0.298,0.438,26.235,8.025,8.025,0.244,0.317,0.324,0.007,648,0.08,0.119,0.462,15.432,8.642,8.642,0.089,0.23,0.323,0.093,hitter
Gavin Sheets,19901,0.25,0.286,0.35,28.571,4.762,0,0.357,0.286,0.283,-0.003,21,30,657757,0.233,0.3,0.379,20.072,8.273,5.036,0.267,0.296,0.311,0.015,1390,0.017,-0.014,-0.029,8.499,-3.511,-5.036,0.09,-0.01,-0.027,-0.018,hitter
George Springer,12856,0.147,0.256,0.353,30.769,12.821,5.128,0.15,0.279,0.287,0.008,39,36,543807,0.261,0.342,0.44,18.64,10.037,7.435,0.29,0.34,0.351,0.011,1883,-0.114,-0.085,-0.087,12.129,2.783,-2.307,-0.14,-0.061,-0.064,-0.003,hitter
Geraldo Perdomo,22799,0.194,0.265,0.355,5.882,8.824,2.941,0.179,0.281,0.314,0.033,34,26,672695,0.272,0.367,0.409,14.161,12.102,2.807,0.304,0.341,0.313,-0.029,1603,-0.079,-0.103,-0.054,-8.279,-3.279,0.134,-0.126,-0.061,0.001,0.061,hitter
Giancarlo Stanton,4949,0.393,0.433,0.571,20,6.667,6.667,0.476,0.446,0.335,-0.11,30,36,519317,0.228,0.302,0.484,31.429,9.351,11.255,0.267,0.334,0.343,0.009,1155,0.165,0.131,0.087,-11.429,-2.684,-4.589,0.209,0.112,-0.007,-0.119,hitter
Gleyber Torres,16997,0.259,0.444,0.37,16.667,25,5.556,0.3,0.386,0.386,-0.001,36,29,650402,0.262,0.345,0.407,17.048,11.043,5.344,0.293,0.33,0.344,0.014,1965,-0.003,0.1,-0.037,-0.382,13.957,0.212,0.007,0.056,0.042,-0.014,hitter
Graham Pauley,31363,0.2,0.2,0.333,31.25,0,6.25,0.3,0.233,0.117,-0.116,16,25,688363,0.207,0.284,0.358,23.611,9.722,3.704,0.248,0.283,0.286,0.003,216,-0.007,-0.084,-0.024,7.639,-9.722,2.546,0.052,-0.05,-0.17,-0.12,hitter
Griffin Conine,21626,0.267,0.312,0.533,25,6.25,6.25,0.3,0.371,0.472,0.101,16,28,665052,0.261,0.32,0.435,30.286,7.429,6.857,0.359,0.328,0.294,-0.034,175,0.006,-0.008,0.099,-5.286,-1.179,-0.607,-0.059,0.043,0.178,0.135,hitter
Gunnar Henderson,26289,0.242,0.342,0.485,26.316,10.526,7.895,0.286,0.369,0.328,-0.04,38,25,683002,0.271,0.347,0.487,22.841,9.839,6.878,0.319,0.357,0.354,-0.002,1992,-0.028,-0.005,-0.002,3.474,0.687,1.017,-0.033,0.012,-0.026,-0.038,hitter
Harrison Bader,18030,0.129,0.176,0.258,32.353,5.882,8.824,0.15,0.195,0.33,0.135,34,32,664056,0.251,0.306,0.395,22.621,6.006,5.148,0.3,0.305,0.293,-0.012,1282,-0.122,-0.13,-0.137,9.732,-0.124,3.675,-0.15,-0.11,0.037,0.147,hitter
Heliot Ramos,22515,0.2,0.243,0.229,35.135,5.405,2.703,0.318,0.22,0.252,0.032,37,26,671218,0.258,0.321,0.424,24.588,7.306,7.541,0.315,0.323,0.325,0.002,1273,-0.058,-0.078,-0.195,10.548,-1.9,-4.839,0.004,-0.103,-0.072,0.031,hitter
Henry Davis,29617,0.176,0.3,0.294,20,10,5,0.231,0.282,0.29,0.008,20,26,680779,0.181,0.262,0.294,28.788,8.485,5.303,0.236,0.249,0.28,0.031,660,-0.004,0.038,-0,-8.788,1.515,-0.303,-0.005,0.033,0.01,-0.024,hitter
Heriberto Hernandez,24878,0.15,0.292,0.25,20.833,16.667,4.167,0.2,0.261,0.336,0.074,24,26,681715,0.266,0.347,0.438,26.19,10.544,6.803,0.335,0.341,0.334,-0.007,294,-0.116,-0.055,-0.188,-5.357,6.122,-2.636,-0.135,-0.08,0.002,0.082,hitter
Hunter Feduccia,23372,0.25,0.333,0.25,44.444,11.111,0,0.5,0.28,0.197,-0.083,9,29,676439,0.17,0.286,0.22,26.05,14.286,4.202,0.239,0.24,0.275,0.035,119,0.08,0.048,0.03,18.394,-3.175,-4.202,0.261,0.039,-0.078,-0.118,hitter
Hunter Goodman,29715,0.219,0.265,0.344,41.176,5.882,2.941,0.353,0.262,0.279,0.017,34,26,696100,0.248,0.292,0.482,27.273,5.227,8.409,0.293,0.329,0.307,-0.022,880,-0.03,-0.027,-0.139,13.904,0.655,-5.468,0.06,-0.067,-0.029,0.038,hitter
Ian Happ,17919,0.179,0.281,0.536,37.5,12.5,9.375,0.154,0.356,0.314,-0.042,32,31,664023,0.244,0.348,0.431,23.471,13.227,6.464,0.295,0.34,0.35,0.01,2011,-0.066,-0.067,0.105,14.029,-0.727,2.911,-0.141,0.016,-0.036,-0.052,hitter
Ildemaro Vargas,13324,0.556,0.556,1,0,0,22.222,0.5,0.682,0.628,-0.053,9,34,545121,0.253,0.298,0.347,9.296,5.634,1.831,0.268,0.283,0.291,0.007,710,0.303,0.257,0.653,-9.296,-5.634,20.391,0.232,0.398,0.338,-0.061,hitter
Isaac Collins,25477,0.227,0.37,0.409,25.926,14.815,11.111,0.286,0.359,0.327,-0.032,27,28,686555,0.257,0.361,0.398,22.391,12.826,3.043,0.325,0.337,0.315,-0.022,460,-0.03,0.009,0.011,3.535,1.989,8.068,-0.039,0.022,0.011,-0.011,hitter
Isaac Paredes,20036,0.227,0.346,0.409,23.077,7.692,0,0.312,0.345,0.26,-0.085,26,27,670623,0.246,0.35,0.443,17.273,11.152,3.758,0.261,0.346,0.312,-0.034,1650,-0.019,-0.004,-0.034,5.804,-3.459,-3.758,0.052,-0.001,-0.052,-0.051,hitter
Isiah Kiner-Falefa,16512,0,0.2,0,40,20,0,0,0.141,0.178,0.037,5,31,643396,0.259,0.303,0.352,17.097,4.635,1.672,0.305,0.288,0.279,-0.01,1316,-0.259,-0.103,-0.352,22.903,15.365,-1.672,-0.305,-0.148,-0.101,0.047,hitter
Ivan Herrera,20599,0.214,0.361,0.321,11.111,16.667,5.556,0.24,0.299,0.368,0.07,36,26,671056,0.291,0.375,0.445,19.603,9.669,6.887,0.34,0.359,0.367,0.008,755,-0.076,-0.014,-0.124,-8.492,6.998,-1.332,-0.1,-0.06,0.001,0.061,hitter
J.C. Escarra,20084,0,0,0,20,0,0,0,0,0.1,0.1,5,31,641555,0.202,0.296,0.333,14.286,11.224,4.082,0.214,0.28,0.3,0.02,98,-0.202,-0.296,-0.333,5.714,-11.224,-4.082,-0.214,-0.28,-0.2,0.08,hitter
J.P. Crawford,15491,0.167,0.375,0.333,37.5,25,12.5,0.333,0.338,0.407,0.069,8,31,641487,0.249,0.349,0.382,20.023,12.622,3.5,0.299,0.326,0.328,0.002,1743,-0.082,0.026,-0.048,17.477,12.378,9,0.035,0.012,0.079,0.067,hitter
J.T. Realmuto,11739,0.182,0.357,0.364,21.429,14.286,3.571,0.2,0.34,0.344,0.004,28,35,592663,0.257,0.315,0.421,24.551,6.454,6.786,0.318,0.318,0.329,0.011,1503,-0.076,0.042,-0.057,-3.122,7.832,-3.215,-0.118,0.022,0.015,-0.007,hitter
JJ Wetherholt,34985,0.276,0.371,0.379,20,11.429,5.714,0.318,0.343,0.317,-0.026,35,23,802139,NA,NA,NA,NA,NA,NA,NA,NA,NA,NA,NA,NA,NA,NA,NA,NA,NA,NA,NA,NA,NA,hitter
Jac Caglianone,35041,0.333,0.429,0.417,21.429,10.714,3.571,0.444,0.388,0.386,-0.002,28,23,695506,0.157,0.237,0.295,22.414,7.759,8.19,0.172,0.239,0.321,0.082,232,0.176,0.192,0.121,-0.985,2.956,-4.618,0.272,0.149,0.065,-0.085,hitter
Jackson Merrill,29490,0.185,0.241,0.333,20.69,6.897,3.448,0.2,0.26,0.26,0,29,23,701538,0.28,0.322,0.481,19.424,5.762,8.922,0.315,0.342,0.359,0.017,1076,-0.094,-0.081,-0.148,1.266,1.134,-5.474,-0.115,-0.082,-0.099,-0.016,hitter
Jacob Wilson,33266,0.212,0.212,0.303,15.152,0,0,0.25,0.227,0.23,0.003,33,24,805779,0.301,0.348,0.424,7.827,5.591,1.597,0.311,0.337,0.301,-0.036,626,-0.089,-0.136,-0.121,7.324,-5.591,-1.597,-0.061,-0.109,-0.071,0.038,hitter
Jacob Young,29931,0.25,0.318,0.45,13.636,9.091,4.545,0.25,0.343,0.457,0.114,22,26,696285,0.247,0.31,0.316,18.787,6.66,1.093,0.306,0.281,0.289,0.008,1006,0.003,0.009,0.134,-5.151,2.431,3.452,-0.056,0.062,0.167,0.105,hitter
Jahmai Jones,18872,0,0,0,0,0,0,0,0,0.368,0.368,2,28,663330,0.271,0.362,0.497,25.481,10.096,7.692,0.342,0.369,0.36,-0.009,208,-0.271,-0.362,-0.497,-25.481,-10.096,-7.692,-0.342,-0.369,0.007,0.377,hitter
Jake Bauers,15194,0.207,0.258,0.414,25.806,6.452,6.452,0.211,0.299,0.301,0.001,31,30,641343,0.209,0.307,0.388,32.536,11.722,7.656,0.283,0.305,0.327,0.022,836,-0.002,-0.049,0.026,-6.729,-5.271,-1.204,-0.072,-0.006,-0.026,-0.02,hitter
Jake Burger,22275,0.333,0.371,0.576,34.286,2.857,5.714,0.474,0.418,0.294,-0.123,35,30,669394,0.247,0.296,0.47,26.221,5.017,9.565,0.284,0.326,0.342,0.016,1495,0.087,0.076,0.106,8.065,-2.16,-3.851,0.19,0.091,-0.048,-0.139,hitter
Jake Cronenworth,18036,0.143,0.226,0.143,22.581,9.677,0,0.19,0.185,0.273,0.088,31,32,630105,0.239,0.333,0.382,19.019,10.396,4.253,0.279,0.316,0.321,0.005,1693,-0.096,-0.107,-0.24,3.561,-0.718,-4.253,-0.088,-0.131,-0.048,0.083,hitter
Jake Fraley,19260,0.278,0.381,0.444,14.286,14.286,0,0.333,0.372,0.183,-0.189,21,31,641584,0.261,0.334,0.407,19.408,8.989,3.269,0.305,0.324,0.308,-0.015,979,0.017,0.047,0.037,-5.122,5.297,-3.269,0.028,0.048,-0.125,-0.173,hitter
Jake Mangum,26202,0.211,0.25,0.263,23.81,4.762,0,0.286,0.236,0.225,-0.011,21,30,663968,0.296,0.33,0.368,14.953,4.439,2.103,0.345,0.307,0.276,-0.031,428,-0.086,-0.08,-0.105,8.856,0.323,-2.103,-0.059,-0.072,-0.052,0.02,hitter
Jake McCarthy,21622,0.095,0.136,0.143,22.727,0,4.545,0.125,0.134,0.278,0.144,22,28,664983,0.254,0.318,0.366,17.493,6.511,2.332,0.301,0.301,0.3,-0.001,1029,-0.159,-0.181,-0.223,5.235,-6.511,2.213,-0.176,-0.168,-0.023,0.145,hitter
Jake Meyers,20308,0.192,0.29,0.231,22.581,9.677,6.452,0.25,0.25,0.282,0.032,31,30,676694,0.243,0.31,0.37,22.024,7.449,4.211,0.298,0.3,0.305,0.005,1235,-0.051,-0.019,-0.139,0.556,2.228,2.241,-0.048,-0.049,-0.023,0.027,hitter
Jake Rogers,19452,0.167,0.167,0.333,33.333,0,16.667,0.25,0.216,0.153,-0.062,6,31,668670,0.205,0.272,0.389,30.332,7.701,6.517,0.256,0.286,0.304,0.018,844,-0.039,-0.105,-0.055,3.002,-7.701,10.15,-0.006,-0.07,-0.15,-0.08,hitter
Jakob Marsee,31370,0.129,0.2,0.226,31.429,8.571,0,0.19,0.196,0.213,0.017,35,25,805300,0.292,0.363,0.478,20.513,9.402,5.556,0.357,0.363,0.347,-0.016,234,-0.163,-0.163,-0.253,10.916,-0.83,-5.556,-0.166,-0.167,-0.134,0.034,hitter
James McCann,12859,0.111,0.2,0.222,40,10,0,0.2,0.2,0.111,-0.089,10,36,543510,0.235,0.285,0.393,24.497,5.034,5.369,0.282,0.294,0.315,0.021,596,-0.124,-0.085,-0.171,15.503,4.966,-5.369,-0.082,-0.094,-0.204,-0.11,hitter
James Outman,24770,0,0.111,0,33.333,11.111,0,0,0.078,0.238,0.16,9,29,681546,0.21,0.312,0.385,34.328,11.022,5.741,0.294,0.308,0.307,-0.001,871,-0.21,-0.201,-0.385,-0.995,0.089,-5.741,-0.294,-0.229,-0.069,0.16,hitter
James Wood,29518,0.111,0.2,0.278,40,10,7.5,0.158,0.221,0.266,0.045,40,23,695578,0.259,0.351,0.459,31.024,12.098,8.098,0.355,0.349,0.356,0.007,1025,-0.148,-0.151,-0.181,8.976,-2.098,-0.598,-0.197,-0.129,-0.091,0.038,hitter
Jared Oliva,19968,NA,NA,NA,NA,NA,NA,NA,NA,NA,NA,0,30,666931,NA,NA,NA,NA,NA,NA,NA,NA,NA,NA,NA,NA,NA,NA,NA,NA,NA,NA,NA,NA,NA,hitter
Jared Triolo,25807,0.217,0.308,0.261,19.231,7.692,0,0.278,0.272,0.265,-0.007,26,28,669707,0.236,0.32,0.347,24.927,10.184,3.686,0.306,0.298,0.304,0.006,1031,-0.019,-0.012,-0.086,-5.696,-2.492,-3.686,-0.028,-0.026,-0.039,-0.013,hitter
Jared Young,20404,0.2,0.333,0.3,16.667,16.667,8.333,0.25,0.301,0.302,0.001,12,30,676724,0.186,0.245,0.477,30.851,5.319,7.447,0.192,0.301,0.285,-0.016,94,0.014,0.089,-0.177,-14.184,11.348,0.887,0.058,-0.001,0.017,0.017,hitter
Jarren Duran,24617,0.2,0.333,0.24,23.333,13.333,3.333,0.278,0.282,0.296,0.014,30,29,680776,0.276,0.339,0.471,23.369,7.697,5.8,0.345,0.348,0.329,-0.018,1793,-0.076,-0.006,-0.231,-0.035,5.637,-2.467,-0.068,-0.065,-0.033,0.032,hitter
Javier Baez,12979,0.235,0.278,0.235,27.778,5.556,0,0.333,0.24,0.184,-0.057,18,33,595879,0.225,0.262,0.344,23.802,3.614,4.163,0.277,0.264,0.273,0.009,1273,0.01,0.016,-0.108,3.976,1.942,-4.163,0.057,-0.023,-0.089,-0.066,hitter
Javier Sanoja,28253,0.529,0.529,0.706,11.765,0,5.882,0.6,0.548,0.363,-0.185,17,23,691594,0.241,0.283,0.385,11.905,5.291,1.323,0.259,0.289,0.276,-0.013,378,0.288,0.246,0.321,-0.14,-5.291,4.56,0.341,0.259,0.087,-0.172,hitter
Jazz Chisholm Jr.,20454,0.161,0.212,0.194,36.364,3.03,3.03,0.263,0.193,0.232,0.039,33,28,665862,0.25,0.322,0.456,27.231,8.925,7.622,0.303,0.334,0.324,-0.01,1535,-0.089,-0.109,-0.263,9.132,-5.895,-4.592,-0.04,-0.142,-0.092,0.05,hitter
Jeferson Quero,28272,0,0.5,0,0,50,0,0,0.352,0.496,0.143,2,23,691620,NA,NA,NA,NA,NA,NA,NA,NA,NA,NA,NA,NA,NA,NA,NA,NA,NA,NA,NA,NA,NA,hitter
Jeff McNeil,15362,0.15,0.19,0.15,33.333,4.762,0,0.231,0.163,0.199,0.036,21,34,643446,0.253,0.326,0.389,11.884,7.775,2.276,0.269,0.314,0.303,-0.011,1582,-0.103,-0.136,-0.239,21.45,-3.013,-2.276,-0.038,-0.151,-0.104,0.047,hitter
Jeimer Candelario,13621,0.125,0.125,0.25,62.5,0,0,0.333,0.162,0.086,-0.075,8,32,600869,0.229,0.301,0.433,23.894,7.876,5.31,0.266,0.316,0.294,-0.022,1130,-0.104,-0.176,-0.183,38.606,-7.876,-5.31,0.067,-0.154,-0.207,-0.053,hitter
Jerar Encarnacion,21871,0.286,0.286,0.429,14.286,0,0,0.333,0.314,0.124,-0.19,7,28,666464,0.232,0.257,0.405,28,3.429,8,0.283,0.284,0.332,0.048,175,0.054,0.029,0.024,-13.714,-3.429,-8,0.05,0.03,-0.207,-0.238,hitter
Jeremiah Jackson,22239,0.222,0.211,0.222,31.579,0,0,0.308,0.191,0.239,0.049,19,26,669236,0.276,0.328,0.447,27.322,6.011,4.918,0.365,0.336,0.295,-0.04,183,-0.054,-0.117,-0.225,4.257,-6.011,-4.918,-0.058,-0.145,-0.056,0.089,hitter
Jeremy Pena,21636,0.273,0.333,0.409,16.667,8.333,0,0.333,0.334,0.314,-0.02,24,28,665161,0.276,0.33,0.414,18.227,5.638,4.269,0.322,0.324,0.317,-0.007,1827,-0.004,0.003,-0.005,-1.56,2.696,-4.269,0.012,0.01,-0.003,-0.013,hitter
Jesus Sanchez,19913,0.318,0.423,0.455,19.231,7.692,7.692,0.375,0.402,0.455,0.054,26,28,660821,0.247,0.314,0.418,24.861,8.426,7.799,0.305,0.317,0.338,0.021,1436,0.071,0.109,0.036,-5.63,-0.734,-0.107,0.07,0.084,0.117,0.033,hitter
Jo Adell,20220,0.242,0.286,0.242,20,2.857,0,0.308,0.248,0.167,-0.081,35,27,666176,0.222,0.286,0.449,27.808,6.63,9.3,0.254,0.315,0.336,0.02,1086,0.02,0,-0.207,-7.808,-3.773,-9.3,0.054,-0.067,-0.169,-0.102,hitter
Joc Pederson,11899,0,0.118,0,17.647,11.765,0,0,0.083,0.218,0.135,17,34,592626,0.235,0.349,0.429,21.949,12.373,7.203,0.269,0.34,0.356,0.016,1180,-0.235,-0.231,-0.429,-4.302,-0.608,-7.203,-0.269,-0.257,-0.138,0.119,hitter
Joey Bart,21524,0.125,0.222,0.125,33.333,11.111,0,0.2,0.179,0.212,0.033,9,29,663698,0.25,0.336,0.379,26.657,9.168,5.783,0.33,0.318,0.313,-0.005,709,-0.125,-0.113,-0.254,6.676,1.943,-5.783,-0.13,-0.139,-0.101,0.039,hitter
Joey Loperfido,29630,0.364,0.44,0.5,20,12,0,0.471,0.421,0.263,-0.158,25,27,694388,0.248,0.297,0.392,33.333,4.645,2.732,0.362,0.3,0.272,-0.029,366,0.116,0.143,0.108,-13.333,7.355,-2.732,0.109,0.12,-0.009,-0.129,hitter
Joey Ortiz,25493,0.318,0.375,0.318,25,8.333,8.333,0.438,0.323,0.304,-0.019,24,27,687401,0.233,0.299,0.352,17.697,7.897,2.854,0.271,0.288,0.289,0.001,1051,0.085,0.076,-0.034,7.303,0.436,5.479,0.167,0.035,0.015,-0.02,hitter
Joey Wiemer,27690,0.588,0.682,1.059,18.182,22.727,9.091,0.727,0.716,0.496,-0.22,22,27,686894,0.205,0.279,0.359,29.659,8.016,5.812,0.264,0.279,0.288,0.009,499,0.383,0.403,0.699,-11.478,14.711,3.279,0.463,0.437,0.207,-0.23,hitter
Jonah Heim,16930,0,0.3,0,20,30,0,0,0.211,0.231,0.02,10,31,641680,0.231,0.286,0.37,19.228,6.877,4.912,0.26,0.286,0.293,0.007,1425,-0.231,0.014,-0.37,0.772,23.123,-4.912,-0.26,-0.075,-0.062,0.013,hitter
Jonathan Aranda,21837,0.242,0.333,0.485,23.077,12.821,5.128,0.261,0.358,0.383,0.025,39,28,666018,0.285,0.367,0.458,25.449,9.88,7.934,0.364,0.357,0.361,0.004,668,-0.043,-0.033,0.027,-2.372,2.94,-2.806,-0.103,0.001,0.022,0.021,hitter
Jonathan India,21523,0.217,0.25,0.348,20.833,4.167,4.167,0.235,0.269,0.201,-0.067,24,29,663697,0.242,0.34,0.381,19.619,10.733,4.732,0.284,0.321,0.336,0.015,1733,-0.025,-0.09,-0.034,1.214,-6.566,-0.565,-0.049,-0.052,-0.134,-0.082,hitter
Jonny DeLuca,26365,0.333,0.375,0.6,12.5,6.25,6.25,0.333,0.428,0.316,-0.112,16,27,676356,0.237,0.291,0.357,21.03,6.223,2.79,0.289,0.284,0.271,-0.013,466,0.097,0.084,0.243,-8.53,0.027,3.46,0.044,0.143,0.044,-0.099,hitter
Jorbit Vivas,23917,0.357,0.444,0.357,11.111,11.111,0,0.385,0.371,0.277,-0.094,18,25,678391,0.161,0.266,0.25,19.697,7.576,3.03,0.19,0.242,0.304,0.063,66,0.196,0.179,0.107,-8.586,3.535,-3.03,0.194,0.129,-0.027,-0.157,hitter
Jordan Beck,31431,0.105,0.19,0.158,23.81,9.524,4.762,0.143,0.172,0.271,0.1,21,25,687597,0.241,0.3,0.382,30.959,7.124,5.44,0.336,0.298,0.292,-0.006,772,-0.136,-0.109,-0.224,-7.149,2.399,-0.679,-0.193,-0.126,-0.021,0.105,hitter
Jordan Lawlar,29976,0.333,0.4,0.556,30,5,5,0.455,0.424,0.36,-0.064,20,23,691783,0.165,0.241,0.237,34.259,7.407,1.852,0.262,0.219,0.233,0.014,108,0.168,0.159,0.318,-4.259,-2.407,3.148,0.192,0.205,0.127,-0.077,hitter
Jordan Walker,27475,0.296,0.367,0.593,23.333,10,10,0.333,0.419,0.367,-0.052,30,24,691023,0.24,0.302,0.378,26.949,7.315,5.871,0.31,0.298,0.302,0.004,1039,0.057,0.064,0.215,-3.616,2.685,4.129,0.023,0.121,0.065,-0.057,hitter
Jorge Barrosa,23968,0.222,0.222,0.444,33.333,0,0,0.333,0.288,0.252,-0.035,9,25,678489,0.148,0.17,0.239,25.263,2.105,1.053,0.182,0.177,0.22,0.043,95,0.074,0.052,0.206,8.07,-2.105,-1.053,0.152,0.111,0.032,-0.078,hitter
Jorge Mateo,17273,0.25,0.25,1,25,0,25,0,0.531,0.442,-0.089,4,31,622761,0.216,0.261,0.35,24.961,5.616,3.276,0.27,0.265,0.272,0.007,641,0.034,-0.011,0.65,0.039,-5.616,21.724,-0.27,0.266,0.17,-0.096,hitter
Jorge Polanco,13152,0.143,0.273,0.214,15.152,15.152,3.03,0.174,0.24,0.351,0.111,33,32,593871,0.245,0.318,0.435,22.979,9.281,7.186,0.281,0.325,0.332,0.007,1336,-0.102,-0.045,-0.221,-7.828,5.87,-4.155,-0.107,-0.085,0.019,0.104,hitter
Jorge Soler,14221,0.152,0.256,0.273,43.59,12.821,2.564,0.25,0.248,0.208,-0.04,39,34,624585,0.239,0.33,0.458,25.596,11.028,8.373,0.28,0.339,0.346,0.007,1469,-0.088,-0.073,-0.185,17.994,1.793,-5.809,-0.03,-0.091,-0.138,-0.047,hitter
Jose Altuve,5417,0.321,0.5,0.571,15.789,26.316,5.263,0.35,0.474,0.47,-0.004,38,36,514888,0.287,0.352,0.459,17.125,8.362,4.983,0.319,0.351,0.313,-0.037,1746,0.034,0.148,0.112,-1.335,17.954,0.28,0.031,0.123,0.157,0.033,hitter
Jose Caballero,23401,0.148,0.233,0.148,33.333,6.667,0,0.235,0.192,0.206,0.014,30,29,676609,0.228,0.316,0.341,26.214,9.003,3.089,0.304,0.294,0.282,-0.012,1133,-0.08,-0.083,-0.193,7.12,-2.336,-3.089,-0.069,-0.102,-0.076,0.026,hitter
Jose Fermin,21746,0,0,0,0,0,0,0,0,0.011,0.011,2,27,665877,0.22,0.314,0.286,13.81,10,0,0.257,0.277,0.298,0.022,210,-0.22,-0.314,-0.286,-13.81,-10,0,-0.257,-0.277,-0.288,-0.011,hitter
Jose Fernandez,28020,0.333,0.333,0.833,25,0,16.667,0.286,0.505,0.499,-0.006,12,22,699912,NA,NA,NA,NA,NA,NA,NA,NA,NA,NA,NA,NA,NA,NA,NA,NA,NA,NA,NA,NA,NA,hitter
Jose Ramirez,13510,0.188,0.235,0.344,14.706,5.882,8.824,0.192,0.26,0.348,0.088,34,33,608070,0.281,0.35,0.505,11.193,9.433,5.963,0.276,0.357,0.343,-0.013,2046,-0.094,-0.115,-0.161,3.513,-3.551,2.861,-0.084,-0.097,0.005,0.102,hitter
Jose Tena,23691,0.333,0.333,0.333,33.333,0,0,0.5,0.302,0.194,-0.108,12,25,677588,0.253,0.305,0.349,24.528,6.739,4.582,0.335,0.289,0.298,0.009,371,0.08,0.029,-0.016,8.805,-6.739,-4.582,0.165,0.013,-0.103,-0.117,hitter
Jose Trevino,16725,0.091,0.167,0.091,25,8.333,0,0.125,0.134,0.221,0.087,12,33,624431,0.224,0.274,0.343,14.489,6.108,3.409,0.241,0.271,0.275,0.004,704,-0.133,-0.107,-0.252,10.511,2.225,-3.409,-0.116,-0.136,-0.054,0.083,hitter
Josh Bell,13145,0.231,0.382,0.577,35.294,17.647,5.882,0.308,0.412,0.354,-0.057,34,33,605137,0.245,0.323,0.413,19.509,9.755,6.845,0.274,0.321,0.335,0.014,1753,-0.014,0.059,0.164,15.785,7.892,-0.963,0.034,0.091,0.019,-0.071,hitter
Josh Jung,26299,0.143,0.172,0.143,27.586,3.448,0,0.2,0.149,0.239,0.09,29,28,673962,0.259,0.303,0.427,27.018,5.354,6.672,0.326,0.315,0.316,0.001,1214,-0.116,-0.131,-0.284,0.568,-1.906,-6.672,-0.126,-0.166,-0.077,0.089,hitter
Josh Lowe,19953,0.111,0.172,0.259,41.379,6.897,6.897,0.143,0.198,0.201,0.004,29,28,666139,0.253,0.309,0.425,26.909,7.256,5.971,0.324,0.315,0.313,-0.002,1323,-0.142,-0.136,-0.165,14.471,-0.36,0.925,-0.181,-0.117,-0.112,0.005,hitter
Josh Naylor,18839,0.114,0.205,0.114,12.821,10.256,2.564,0.133,0.151,0.267,0.116,39,29,647304,0.28,0.341,0.468,14.781,8.025,5.889,0.294,0.345,0.338,-0.006,1732,-0.166,-0.136,-0.354,-1.96,2.231,-3.325,-0.161,-0.194,-0.071,0.123,hitter
Josh Smith,26396,0.125,0.25,0.125,14.286,14.286,0,0.15,0.198,0.267,0.069,28,28,669701,0.243,0.331,0.372,19.899,9.084,3.605,0.291,0.312,0.309,-0.003,1387,-0.118,-0.081,-0.247,-5.613,5.201,-3.605,-0.141,-0.114,-0.043,0.072,hitter
Juan Soto,20123,0.355,0.412,0.516,17.647,8.824,5.882,0.417,0.405,0.321,-0.084,34,27,665742,0.275,0.408,0.538,18.024,18.165,10.768,0.288,0.402,0.433,0.031,2136,0.079,0.003,-0.022,-0.377,-9.341,-4.885,0.129,0.003,-0.112,-0.115,hitter
Julio Rodriguez,23697,0.147,0.256,0.147,28.205,12.821,0,0.217,0.193,0.235,0.041,39,25,677594,0.272,0.327,0.458,23.711,6.333,7.266,0.324,0.337,0.346,0.009,2037,-0.125,-0.071,-0.311,4.494,6.488,-7.266,-0.107,-0.144,-0.111,0.033,hitter
Jung Hoo Lee,33824,0.172,0.286,0.276,14.286,14.286,0,0.2,0.263,0.319,0.056,35,27,808982,0.265,0.324,0.391,10.839,7.355,3.097,0.287,0.313,0.32,0.007,775,-0.093,-0.038,-0.116,3.447,6.931,-3.097,-0.087,-0.049,-0.001,0.049,hitter
Junior Caminero,28163,0.258,0.378,0.29,16.216,16.216,5.405,0.32,0.32,0.374,0.054,37,22,691406,0.26,0.307,0.504,19.746,6.236,9.931,0.267,0.344,0.333,-0.01,866,-0.002,0.071,-0.214,-3.53,9.981,-4.525,0.053,-0.023,0.041,0.064,hitter
Justin Crawford,31791,0.32,0.346,0.36,19.231,3.846,0,0.4,0.321,0.208,-0.112,26,22,702222,NA,NA,NA,NA,NA,NA,NA,NA,NA,NA,NA,NA,NA,NA,NA,NA,NA,NA,NA,NA,NA,hitter
Kazuma Okamoto,37123,0.258,0.343,0.452,42.857,11.429,5.714,0.429,0.357,0.334,-0.023,35,30,672960,NA,NA,NA,NA,NA,NA,NA,NA,NA,NA,NA,NA,NA,NA,NA,NA,NA,NA,NA,NA,NA,hitter
Ke'Bryan Hayes,18577,0.105,0.19,0.105,4.762,9.524,0,0.111,0.153,0.29,0.136,21,29,663647,0.247,0.295,0.354,19.45,5.835,3.689,0.295,0.284,0.295,0.011,1491,-0.142,-0.104,-0.249,-14.688,3.689,-3.689,-0.184,-0.13,-0.005,0.125,hitter
Keibert Ruiz,19610,0.2,0.188,0.467,12.5,0,6.25,0.154,0.27,0.183,-0.087,16,27,660688,0.246,0.284,0.372,10.502,4.186,3.425,0.252,0.285,0.299,0.014,1314,-0.046,-0.096,0.095,1.998,-4.186,2.825,-0.098,-0.015,-0.116,-0.101,hitter
Kerry Carpenter,25961,0.172,0.265,0.276,41.176,11.765,2.941,0.267,0.252,0.284,0.032,34,28,681481,0.269,0.323,0.509,24.282,5.906,8.614,0.31,0.353,0.346,-0.007,1219,-0.097,-0.058,-0.233,16.894,5.858,-5.672,-0.043,-0.101,-0.062,0.039,hitter
Ketel Marte,13613,0.152,0.243,0.242,16.216,10.811,2.703,0.154,0.232,0.348,0.116,37,32,606466,0.283,0.368,0.519,16.657,11.179,7.881,0.297,0.377,0.373,-0.004,1789,-0.132,-0.125,-0.277,-0.441,-0.369,-5.179,-0.143,-0.145,-0.025,0.12,hitter
Kevin McGonigle,33572,0.333,0.412,0.5,11.765,11.765,11.765,0.385,0.405,0.434,0.029,34,21,805808,NA,NA,NA,NA,NA,NA,NA,NA,NA,NA,NA,NA,NA,NA,NA,NA,NA,NA,NA,NA,NA,hitter
Kody Clemens,20572,0.188,0.316,0.375,36.842,15.789,10.526,0.25,0.318,0.322,0.004,19,30,665019,0.218,0.276,0.421,24.771,6.422,6.575,0.249,0.3,0.303,0.003,654,-0.03,0.04,-0.046,12.071,9.367,3.951,0.001,0.019,0.02,0.001,hitter
Konnor Griffin,35376,0.167,0.375,0.333,12.5,12.5,12.5,0.2,0.342,0.357,0.015,8,20,804606,NA,NA,NA,NA,NA,NA,NA,NA,NA,NA,NA,NA,NA,NA,NA,NA,NA,NA,NA,NA,NA,hitter
Kyle Farmer,14813,0.5,0.333,0.5,0,0,0,0.333,0.302,0.317,0.016,3,35,571657,0.236,0.299,0.379,22.064,6.476,4.281,0.281,0.296,0.299,0.002,911,0.264,0.035,0.121,-22.064,-6.476,-4.281,0.053,0.005,0.019,0.013,hitter
Kyle Higashioka,5517,0.25,0.333,0.25,22.222,11.111,0,0.333,0.28,0.199,-0.081,9,36,543309,0.233,0.277,0.429,25.882,5.765,6.824,0.271,0.302,0.3,-0.003,850,0.017,0.056,-0.179,-3.66,5.346,-6.824,0.062,-0.023,-0.101,-0.078,hitter
Kyle Isbel,21614,0.478,0.478,0.783,20.833,0,8.333,0.562,0.556,0.365,-0.191,24,29,664728,0.241,0.29,0.366,19.251,5.836,2.613,0.289,0.286,0.272,-0.014,1148,0.237,0.188,0.417,1.582,-5.836,5.72,0.273,0.269,0.092,-0.177,hitter
Kyle Karros,33252,0.2,0.259,0.24,33.333,7.407,3.704,0.312,0.234,0.265,0.03,27,23,691720,0.226,0.308,0.277,26.282,9.615,0.641,0.309,0.268,0.261,-0.007,156,-0.026,-0.048,-0.037,7.051,-2.208,3.063,0.003,-0.034,0.004,0.038,hitter
Kyle Manzardo,29794,0.074,0.194,0.074,38.71,9.677,6.452,0.133,0.15,0.289,0.138,31,25,700932,0.234,0.306,0.447,25.619,8.297,7.278,0.271,0.323,0.311,-0.013,687,-0.16,-0.112,-0.373,13.091,1.38,-0.826,-0.138,-0.173,-0.022,0.151,hitter
Kyle Schwarber,16478,0.207,0.378,0.586,35.135,16.216,13.514,0.231,0.421,0.421,0,37,33,656941,0.228,0.358,0.508,28.511,15.918,9.644,0.255,0.369,0.382,0.013,2136,-0.021,0.021,0.078,6.624,0.299,3.869,-0.024,0.052,0.039,-0.013,hitter
Kyle Tucker,18345,0.281,0.361,0.406,25,11.111,2.778,0.364,0.349,0.259,-0.09,36,29,663656,0.278,0.38,0.511,14.534,13.851,7.826,0.285,0.378,0.384,0.005,1610,0.003,-0.019,-0.105,10.466,-2.74,-5.048,0.078,-0.029,-0.125,-0.096,hitter
Lane Thomas,16939,0.143,0.25,0.214,31.25,12.5,0,0.222,0.226,0.171,-0.055,16,30,657041,0.245,0.305,0.422,26.405,6.953,5.399,0.303,0.314,0.306,-0.007,1352,-0.102,-0.055,-0.208,4.845,5.547,-5.399,-0.081,-0.088,-0.136,-0.047,hitter
Lawrence Butler,22542,0.2,0.238,0.35,23.81,4.762,0,0.214,0.264,0.273,0.009,21,25,671732,0.242,0.303,0.429,26.612,8.099,6.446,0.297,0.317,0.316,-0.001,1210,-0.042,-0.065,-0.079,-2.802,-3.337,-6.446,-0.083,-0.053,-0.043,0.01,hitter
Lenyn Sosa,22896,0.071,0.071,0.071,28.571,0,0,0.1,0.065,0.064,-0.001,14,26,672820,0.251,0.279,0.395,22.468,3.223,6.262,0.294,0.29,0.317,0.027,1086,-0.179,-0.207,-0.324,6.104,-3.223,-6.262,-0.194,-0.225,-0.253,-0.028,hitter
Leo Jimenez,23782,0.4,0.4,0.4,0,0,0,0.4,0.362,0.42,0.058,5,25,677870,0.207,0.303,0.332,27.686,5.785,4.959,0.273,0.286,0.303,0.017,242,0.193,0.097,0.068,-27.686,-5.785,-4.959,0.127,0.076,0.118,0.041,hitter
Leo Rivas,21009,0.143,0.226,0.214,38.71,9.677,0,0.25,0.209,0.164,-0.045,31,28,660844,0.239,0.364,0.307,24.365,15.228,1.523,0.327,0.311,0.293,-0.017,197,-0.096,-0.138,-0.092,14.344,-5.551,-1.523,-0.077,-0.102,-0.13,-0.028,hitter
Leody Taveras,18900,0.5,0.7,0.667,20,40,0,0.75,0.592,0.448,-0.144,10,27,665750,0.242,0.29,0.375,22.09,6.492,4.671,0.292,0.29,0.297,0.007,1263,0.258,0.41,0.291,-2.09,33.508,-4.671,0.458,0.303,0.151,-0.152,hitter
Liam Hicks,29844,0.4,0.48,0.9,4,8,12,0.294,0.567,0.482,-0.085,25,27,689414,0.247,0.346,0.346,14.359,11.026,2.564,0.278,0.313,0.315,0.003,390,0.153,0.134,0.554,-10.359,-3.026,9.436,0.016,0.254,0.167,-0.087,hitter
Logan O'Hoppe,24729,0.217,0.28,0.217,24,4,0,0.294,0.239,0.172,-0.067,25,26,681351,0.231,0.285,0.41,29.181,6.058,8.362,0.285,0.301,0.322,0.021,1172,-0.013,-0.005,-0.192,-5.181,-2.058,-8.362,0.009,-0.062,-0.15,-0.088,hitter
Luis Arraez,18568,0.278,0.289,0.361,7.895,2.632,0,0.294,0.286,0.223,-0.063,38,29,650333,0.319,0.355,0.416,4.277,4.735,1.833,0.324,0.334,0.326,-0.008,1964,-0.041,-0.065,-0.055,3.618,-2.104,-1.833,-0.03,-0.048,-0.103,-0.056,hitter
Luis Campusano,22217,0.143,0.143,0.286,42.857,0,14.286,0.25,0.185,0.186,0.001,7,27,669134,0.249,0.304,0.39,14.6,6.6,4.4,0.267,0.303,0.307,0.003,500,-0.107,-0.161,-0.105,28.257,-6.6,9.886,-0.017,-0.119,-0.121,-0.002,hitter
Luis Garcia Jr.,20391,0.345,0.345,0.517,10.345,0,3.448,0.385,0.378,0.27,-0.108,29,26,671277,0.267,0.304,0.415,14.974,5.273,6.055,0.288,0.309,0.327,0.018,1536,0.078,0.041,0.103,-4.629,-5.273,-2.606,0.096,0.069,-0.057,-0.126,hitter
Luis Matos,26467,NA,1,NA,0,100,0,NA,0.705,NA,NA,1,24,682641,0.231,0.281,0.369,14.165,6.071,3.373,0.247,0.283,0.285,0.002,593,NA,0.719,NA,-14.165,93.929,-3.373,NA,0.421,NA,NA,hitter
Luis Rengifo,19858,0.222,0.3,0.333,10,10,0,0.25,0.269,0.324,0.056,20,29,650859,0.261,0.319,0.391,17.829,6.977,3.876,0.3,0.311,0.308,-0.003,1290,-0.039,-0.019,-0.058,-7.829,3.023,-3.876,-0.05,-0.042,0.017,0.059,hitter
Luis Robert Jr.,20043,0.28,0.455,0.4,15.152,24.242,3.03,0.316,0.4,0.426,0.026,33,28,673357,0.24,0.299,0.442,29.29,6.754,7.65,0.3,0.316,0.321,0.004,1451,0.04,0.155,-0.042,-14.139,17.488,-4.62,0.016,0.083,0.105,0.022,hitter
Luis Torrens,15905,0.3,0.3,0.3,20,0,0,0.375,0.272,0.299,0.027,10,30,620443,0.229,0.287,0.354,20.993,6.546,6.321,0.277,0.283,0.327,0.045,443,0.071,0.013,-0.054,-0.993,-6.546,-6.321,0.098,-0.011,-0.029,-0.018,hitter
Luisangel Acuna,26548,0.227,0.292,0.227,16,4,4,0.278,0.249,0.29,0.041,25,24,682668,0.248,0.299,0.341,18.455,6.009,2.146,0.296,0.283,0.277,-0.006,233,-0.02,-0.007,-0.114,-2.455,-2.009,1.854,-0.018,-0.034,0.013,0.047,hitter
Luke Keaschall,33321,0.25,0.286,0.281,14.286,5.714,0,0.286,0.258,0.284,0.026,35,23,807712,0.302,0.382,0.445,14.01,9.179,3.865,0.34,0.363,0.324,-0.038,207,-0.052,-0.096,-0.164,0.276,-3.464,-3.865,-0.054,-0.104,-0.04,0.065,hitter
Luke Raley,19354,0.217,0.25,0.609,33.333,4.167,20.833,0.167,0.37,0.593,0.222,24,31,670042,0.237,0.325,0.444,30.278,6.852,6.759,0.31,0.334,0.319,-0.015,1080,-0.02,-0.075,0.165,3.056,-2.685,14.074,-0.144,0.036,0.273,0.237,hitter
Maikel Garcia,22715,0.321,0.429,0.393,11.429,17.143,5.714,0.36,0.376,0.417,0.041,35,26,672580,0.263,0.319,0.382,16.713,7.858,3.376,0.303,0.307,0.318,0.012,1807,0.059,0.11,0.011,-5.284,9.285,2.339,0.057,0.069,0.099,0.03,hitter
Manny Machado,11493,0.217,0.438,0.304,18.75,28.125,0,0.294,0.364,0.347,-0.017,32,33,592518,0.27,0.327,0.465,18.939,7.804,8.377,0.293,0.338,0.342,0.003,1922,-0.052,0.111,-0.161,-0.189,20.321,-8.377,0.001,0.026,0.005,-0.02,hitter
Marcell Ozuna,10324,0.074,0.194,0.074,25.806,12.903,3.226,0.105,0.149,0.249,0.1,31,35,542303,0.272,0.361,0.506,23.932,12.019,9.295,0.313,0.371,0.384,0.013,1872,-0.198,-0.167,-0.432,1.875,0.884,-6.069,-0.208,-0.222,-0.135,0.087,hitter
Marcelo Mayer,29668,0.25,0.304,0.55,33.333,8.333,8.333,0.333,0.362,0.27,-0.092,24,23,691785,0.228,0.272,0.402,30.147,5.882,5.882,0.301,0.29,0.263,-0.027,136,0.022,0.032,0.148,3.186,2.451,2.451,0.032,0.072,0.007,-0.065,hitter
Marcus Semien,12533,0.258,0.351,0.387,27.027,10.811,2.703,0.333,0.335,0.248,-0.087,37,35,543760,0.25,0.322,0.416,15.362,9.277,4.938,0.266,0.321,0.322,0.001,2005,0.008,0.029,-0.029,11.665,1.534,-2.235,0.068,0.014,-0.074,-0.088,hitter
Mark Vientos,22184,0.471,0.526,0.765,15.789,10.526,5.263,0.538,0.56,0.473,-0.088,19,26,668901,0.242,0.295,0.444,27.913,6.348,8,0.292,0.317,0.321,0.004,1150,0.229,0.232,0.321,-12.124,4.178,-2.737,0.247,0.244,0.152,-0.092,hitter
Masataka Yoshida,31837,0,0.4,0,20,40,0,0,0.282,0.415,0.133,15,32,807799,0.282,0.337,0.425,13.018,5.887,4.892,0.305,0.332,0.322,-0.01,1206,-0.282,0.063,-0.425,6.982,34.113,-4.892,-0.305,-0.05,0.093,0.143,hitter
Masyn Winn,27479,0.179,0.233,0.25,16.667,6.667,0,0.217,0.224,0.27,0.046,30,24,691026,0.252,0.304,0.376,18.078,6.484,2.975,0.291,0.297,0.286,-0.011,1311,-0.073,-0.07,-0.126,-1.411,0.183,-2.975,-0.074,-0.073,-0.016,0.057,hitter
Matt Chapman,16505,0.2,0.263,0.314,18.421,7.895,0,0.222,0.265,0.227,-0.038,38,33,656305,0.24,0.332,0.44,25.468,11.174,8.225,0.295,0.335,0.339,0.004,1763,-0.04,-0.069,-0.126,-7.047,-3.279,-8.225,-0.072,-0.07,-0.112,-0.042,hitter
Matt McLain,29695,0.267,0.389,0.3,25,13.889,8.333,0.381,0.33,0.389,0.059,36,26,680574,0.249,0.323,0.411,28.776,8.776,5.51,0.33,0.321,0.308,-0.013,980,0.018,0.065,-0.111,-3.776,5.113,2.823,0.051,0.009,0.081,0.072,hitter
Matt Olson,14344,0.314,0.368,0.629,31.579,7.895,10.526,0.429,0.433,0.374,-0.059,38,32,621566,0.267,0.363,0.515,24.096,12.494,9.018,0.31,0.373,0.365,-0.009,2129,0.047,0.005,0.114,7.483,-4.599,1.508,0.119,0.06,0.01,-0.05,hitter
Matt Shaw,33322,0.222,0.211,0.222,10.526,0,5.263,0.235,0.191,0.295,0.105,19,24,807713,0.226,0.295,0.394,21.51,8.696,4.805,0.262,0.3,0.302,0.002,437,-0.004,-0.085,-0.172,-10.984,-8.696,0.458,-0.027,-0.109,-0.006,0.103,hitter
Matt Vierling,21558,0.2,0.182,0.5,18.182,0,0,0.125,0.276,0.102,-0.174,11,29,663837,0.257,0.319,0.398,21.47,7.686,4.595,0.311,0.313,0.317,0.004,1197,-0.057,-0.138,0.102,-3.289,-7.686,-4.595,-0.186,-0.037,-0.215,-0.178,hitter
Matt Wallner,26466,0.156,0.229,0.344,45.714,8.571,5.714,0.214,0.259,0.253,-0.006,35,28,670242,0.231,0.345,0.493,31.863,10.805,8.6,0.297,0.361,0.349,-0.012,907,-0.075,-0.117,-0.149,13.851,-2.233,-2.885,-0.083,-0.101,-0.096,0.006,hitter
Mauricio Dubon,16530,0.357,0.4,0.5,16.667,6.667,6.667,0.409,0.402,0.305,-0.097,30,31,643289,0.264,0.299,0.378,12.671,4.476,2.428,0.289,0.294,0.285,-0.009,1318,0.093,0.101,0.122,3.996,2.19,4.239,0.12,0.108,0.02,-0.088,hitter
Max Muncy,13301,0.25,0.357,0.375,32.143,14.286,7.143,0.357,0.338,0.462,0.123,28,35,571970,0.226,0.352,0.478,24.841,15.397,7.857,0.245,0.355,0.364,0.009,1260,0.024,0.005,-0.103,7.302,-1.111,-0.714,0.112,-0.017,0.098,0.115,hitter
Max Muncy,29779,0.3,0.323,0.6,38.71,3.226,12.903,0.438,0.402,0.37,-0.032,31,23,691777,0.214,0.259,0.379,30.909,4.545,6.364,0.269,0.277,0.267,-0.01,220,0.086,0.063,0.221,7.801,-1.32,6.54,0.168,0.125,0.103,-0.022,hitter
Michael Busch,26319,0.24,0.367,0.32,13.333,16.667,3.333,0.286,0.324,0.308,-0.016,30,28,683737,0.249,0.333,0.47,26.452,10.242,8.629,0.301,0.346,0.343,-0.002,1240,-0.009,0.034,-0.15,-13.118,6.425,-5.296,-0.015,-0.021,-0.035,-0.014,hitter
Michael Conforto,16376,0,0.143,0,71.429,14.286,0,0,0.101,0.101,0,7,33,624424,0.225,0.316,0.39,23.892,10.457,6.302,0.269,0.31,0.337,0.027,1444,-0.225,-0.173,-0.39,47.537,3.829,-6.302,-0.269,-0.209,-0.236,-0.027,hitter
Michael Harris II,25931,0.229,0.25,0.343,16.667,2.778,13.889,0.25,0.265,0.431,0.166,36,25,671739,0.267,0.299,0.434,19.576,3.879,7.273,0.304,0.314,0.337,0.023,1650,-0.039,-0.049,-0.091,-2.909,-1.101,6.616,-0.054,-0.048,0.094,0.143,hitter
Mickey Moniak,19956,0.2,0.2,0.2,20,0,0,0.25,0.181,0.146,-0.035,5,28,666160,0.255,0.292,0.464,28.037,4.326,7.987,0.316,0.322,0.311,-0.011,1202,-0.055,-0.092,-0.264,-8.037,-4.326,-7.987,-0.066,-0.141,-0.165,-0.024,hitter
Miguel Amaya,21693,0.4,0.455,0.8,9.091,9.091,9.091,0.375,0.539,0.274,-0.266,11,27,665804,0.236,0.302,0.382,19.936,6.27,4.341,0.272,0.3,0.307,0.007,622,0.164,0.152,0.418,-10.845,2.821,4.75,0.103,0.239,-0.034,-0.273,hitter
Miguel Andujar,15878,0.3,0.333,0.45,23.81,4.762,0,0.4,0.346,0.226,-0.12,21,31,609280,0.296,0.332,0.431,13.867,4.8,3.333,0.325,0.331,0.293,-0.037,750,0.004,0.001,0.019,9.943,-0.038,-3.333,0.075,0.015,-0.067,-0.083,hitter
Miguel Rojas,7802,0.286,0.267,0.357,13.333,0,0,0.308,0.267,0.282,0.015,15,37,500743,0.259,0.313,0.372,11.885,6.778,2.507,0.28,0.301,0.294,-0.006,1077,0.027,-0.046,-0.015,1.448,-6.778,-2.507,0.028,-0.033,-0.012,0.021,hitter
Miguel Vargas,20178,0.28,0.406,0.52,21.875,15.625,3.125,0.333,0.406,0.29,-0.116,32,26,678246,0.206,0.299,0.361,19.64,10.721,5.135,0.234,0.292,0.302,0.011,1110,0.074,0.108,0.159,2.235,4.904,-2.01,0.099,0.114,-0.013,-0.127,hitter
Mike Trout,10155,0.207,0.439,0.414,24.39,26.829,12.195,0.235,0.391,0.488,0.097,41,34,545361,0.242,0.358,0.47,29.598,14.176,8.812,0.303,0.354,0.375,0.02,1044,-0.035,0.081,-0.056,-5.207,12.653,3.383,-0.068,0.037,0.113,0.076,hitter
Mike Yastrzemski,14854,0.24,0.345,0.4,20.69,13.793,3.448,0.316,0.337,0.271,-0.066,29,35,573262,0.232,0.322,0.426,23.425,10.97,6.157,0.275,0.323,0.319,-0.005,1413,0.008,0.023,-0.026,-2.736,2.824,-2.709,0.041,0.013,-0.048,-0.061,hitter
Mitch Garver,15161,0,0.5,0,0,50,0,0,0.352,0.415,0.063,4,35,641598,0.214,0.316,0.393,27.726,11.936,5.733,0.262,0.312,0.314,0.002,1064,-0.214,0.184,-0.393,-27.726,38.064,-5.733,-0.262,0.04,0.101,0.06,hitter
Moises Ballesteros,28820,0.158,0.238,0.158,33.333,9.524,14.286,0.25,0.196,0.282,0.086,21,22,694208,0.298,0.394,0.474,18.182,13.636,4.545,0.349,0.374,0.339,-0.035,66,-0.14,-0.156,-0.316,15.152,-4.113,9.74,-0.099,-0.177,-0.056,0.121,hitter
Mookie Betts,13611,0.179,0.281,0.429,12.5,9.375,6.25,0.136,0.319,0.32,0.001,32,33,605141,0.284,0.369,0.492,12.393,11.645,6.036,0.288,0.369,0.366,-0.003,1872,-0.105,-0.088,-0.063,0.107,-2.27,0.214,-0.151,-0.05,-0.046,0.004,hitter
Munetaka Murakami,37120,0.25,0.353,0.679,35.294,14.706,8.824,0.231,0.425,0.333,-0.092,34,26,808959,NA,NA,NA,NA,NA,NA,NA,NA,NA,NA,NA,NA,NA,NA,NA,NA,NA,NA,NA,NA,NA,hitter
Myles Straw,17620,0.556,0.556,0.556,0,0,0,0.556,0.503,0.605,0.102,9,31,664702,0.247,0.305,0.322,17.905,7.43,1.34,0.299,0.279,0.28,0.001,821,0.309,0.251,0.234,-17.905,-7.43,-1.34,0.256,0.224,0.325,0.101,hitter
Nasim Nunez,25979,0.227,0.292,0.227,29.167,4.167,0,0.333,0.249,0.214,-0.035,24,25,683083,0.238,0.329,0.343,20.588,11.765,1.765,0.286,0.302,0.282,-0.02,170,-0.01,-0.038,-0.115,8.578,-7.598,-1.765,0.048,-0.053,-0.068,-0.015,hitter
Nathan Church,31357,0.136,0.174,0.136,30.435,4.348,4.348,0.2,0.149,0.208,0.06,23,25,701675,0.179,0.254,0.25,27.692,4.615,1.538,0.237,0.232,0.247,0.016,65,-0.042,-0.08,-0.114,2.742,-0.268,2.809,-0.037,-0.083,-0.039,0.044,hitter
Nathan Lukes,18123,0.182,0.231,0.182,15.385,7.692,0,0.2,0.194,0.287,0.093,13,31,664770,0.259,0.328,0.408,13.929,9.286,3.393,0.281,0.32,0.314,-0.006,560,-0.077,-0.098,-0.226,1.456,-1.593,-3.393,-0.081,-0.126,-0.028,0.099,hitter
Nathaniel Lowe,19566,0.25,0.25,0.375,0,0,0,0.25,0.275,0.362,0.087,8,30,663993,0.252,0.344,0.4,23.656,11.907,4.11,0.314,0.327,0.324,-0.003,1898,-0.002,-0.094,-0.025,-23.656,-11.907,-4.11,-0.064,-0.052,0.038,0.09,hitter
Nick Allen,22277,0.286,0.286,0.286,28.571,0,0,0.4,0.259,0.223,-0.036,7,27,669397,0.215,0.268,0.265,20.118,6.235,0.471,0.268,0.24,0.247,0.007,850,0.07,0.018,0.021,8.454,-6.235,-0.471,0.132,0.019,-0.025,-0.043,hitter
Nick Castellanos,11737,0.154,0.214,0.231,28.571,7.143,0,0.222,0.207,0.346,0.138,14,34,592206,0.259,0.306,0.437,23.814,5.68,5.993,0.309,0.319,0.319,-0,1919,-0.105,-0.092,-0.207,4.757,1.463,-5.993,-0.087,-0.112,0.027,0.139,hitter
Nick Fortes,21538,0.348,0.4,0.565,12,4,4,0.368,0.427,0.352,-0.075,25,29,663743,0.22,0.27,0.32,16.333,4.667,2.333,0.248,0.261,0.258,-0.003,900,0.128,0.13,0.246,-4.333,-0.667,1.667,0.121,0.166,0.094,-0.072,hitter
Nick Gonzales,27490,0.31,0.375,0.379,18.75,9.375,0,0.391,0.345,0.302,-0.043,32,27,693304,0.257,0.3,0.375,19.827,4.875,4.334,0.308,0.294,0.297,0.004,923,0.053,0.075,0.004,-1.077,4.5,-4.334,0.083,0.051,0.004,-0.047,hitter
Nick Kurtz,35110,0.083,0.267,0.083,43.333,20,3.333,0.182,0.201,0.262,0.061,30,23,701762,0.29,0.383,0.619,30.879,12.883,10.225,0.364,0.419,0.372,-0.047,489,-0.207,-0.117,-0.536,12.454,7.117,-6.892,-0.183,-0.218,-0.11,0.108,hitter
Nick Loftin,27630,0.143,0.333,0.286,0,22.222,0,0.143,0.3,0.292,-0.009,9,27,679845,0.22,0.294,0.323,14.754,8.665,3.981,0.248,0.275,0.291,0.017,427,-0.077,0.039,-0.037,-14.754,13.557,-3.981,-0.105,0.025,0,-0.025,hitter
Nick Yorke,27504,0.273,0.438,0.364,12.5,25,0,0.3,0.37,0.378,0.008,16,24,694377,0.226,0.272,0.34,23.684,6.14,4.386,0.273,0.268,0.301,0.033,114,0.046,0.166,0.024,-11.184,18.86,-4.386,0.027,0.102,0.077,-0.025,hitter
Nico Hoerner,21479,0.292,0.4,0.458,13.333,16.667,0,0.333,0.38,0.353,-0.028,30,29,663538,0.284,0.342,0.383,10.01,6.673,1.416,0.307,0.32,0.315,-0.005,1978,0.007,0.058,0.075,3.323,9.993,-1.416,0.026,0.061,0.037,-0.023,hitter
Noelvi Marte,26517,0,0.167,0,50,16.667,0,0,0.117,0.144,0.027,12,24,682622,0.254,0.294,0.4,25.517,4.552,5.517,0.317,0.301,0.298,-0.003,725,-0.254,-0.127,-0.4,24.483,12.115,-5.517,-0.317,-0.184,-0.154,0.029,hitter
Nolan Arenado,9777,0.185,0.185,0.185,25.926,0,0,0.25,0.168,0.192,0.024,27,35,571448,0.261,0.312,0.413,14.379,6.714,3.803,0.275,0.312,0.303,-0.009,1683,-0.075,-0.127,-0.228,11.547,-6.714,-3.803,-0.025,-0.144,-0.111,0.033,hitter
Nolan Gorman,22263,0.192,0.25,0.423,32.143,7.143,7.143,0.2,0.299,0.323,0.024,28,26,669357,0.216,0.3,0.419,34.306,10.568,7.808,0.287,0.311,0.321,0.01,1268,-0.023,-0.05,0.004,-2.163,-3.425,-0.665,-0.087,-0.012,0.003,0.014,hitter
Nolan Schanuel,33189,0.25,0.333,0.469,13.889,11.111,2.778,0.24,0.358,0.348,-0.01,36,24,694384,0.259,0.353,0.371,14.812,11.282,2.763,0.29,0.323,0.325,0.002,1303,-0.009,-0.02,0.098,-0.923,-0.171,0.015,-0.05,0.035,0.024,-0.012,hitter
Oneil Cruz,21711,0.29,0.333,0.581,36.364,6.061,9.091,0.375,0.4,0.401,0.001,33,27,665833,0.232,0.314,0.415,30.685,10.313,9.467,0.308,0.315,0.332,0.017,1183,0.059,0.02,0.166,5.679,-4.252,-0.377,0.067,0.086,0.07,-0.016,hitter
Oswald Peraza,22823,0.259,0.31,0.407,34.483,6.897,3.448,0.375,0.323,0.27,-0.052,29,26,672724,0.176,0.242,0.265,28.48,6.638,3.64,0.233,0.23,0.264,0.034,467,0.084,0.068,0.143,6.003,0.258,-0.192,0.142,0.093,0.007,-0.086,hitter
Otto Kemp,31792,0.143,0.25,0.143,50,0,0,0.333,0.205,0.298,0.093,8,26,805249,0.234,0.298,0.411,30.734,5.505,7.339,0.306,0.308,0.31,0.001,218,-0.091,-0.048,-0.268,19.266,-5.505,-7.339,0.027,-0.103,-0.012,0.091,hitter
Otto Lopez,19608,0.3,0.364,0.5,21.212,6.061,9.091,0.364,0.383,0.375,-0.008,33,27,672640,0.257,0.308,0.372,15.272,6.712,4.864,0.287,0.298,0.323,0.025,1028,0.043,0.055,0.128,5.94,-0.651,4.227,0.077,0.085,0.053,-0.032,hitter
Owen Caissie,27496,0.32,0.357,0.64,32.143,7.143,14.286,0.4,0.424,0.406,-0.018,28,23,683357,0.192,0.222,0.346,40.741,3.704,7.407,0.286,0.245,0.232,-0.013,27,0.128,0.135,0.294,-8.598,3.439,6.878,0.114,0.178,0.173,-0.005,hitter
Ozzie Albies,16556,0.314,0.368,0.486,10.526,7.895,2.632,0.31,0.382,0.327,-0.055,38,29,645277,0.258,0.316,0.43,15.096,7.264,4.824,0.274,0.322,0.315,-0.006,1762,0.056,0.052,0.056,-4.57,0.63,-2.192,0.037,0.06,0.012,-0.048,hitter
Parker Meadows,23800,0.238,0.333,0.381,20.833,8.333,0,0.312,0.325,0.222,-0.103,24,26,678009,0.232,0.308,0.386,25.762,9.604,4.268,0.297,0.304,0.302,-0.002,656,0.006,0.025,-0.005,-4.929,-1.27,-4.268,0.015,0.021,-0.08,-0.101,hitter
Patrick Bailey,27478,0.083,0.185,0.083,22.222,11.111,3.704,0.111,0.145,0.274,0.129,27,27,672275,0.23,0.287,0.34,26.576,7.183,4.469,0.302,0.276,0.298,0.022,1253,-0.146,-0.101,-0.256,-4.354,3.928,-0.766,-0.19,-0.13,-0.023,0.107,hitter
Paul Goldschmidt,9218,0.222,0.3,0.667,20,10,10,0.167,0.412,0.259,-0.153,10,38,502671,0.262,0.332,0.422,23.147,9.067,6.88,0.32,0.326,0.343,0.017,1875,-0.04,-0.032,0.244,-3.147,0.933,3.12,-0.153,0.086,-0.084,-0.17,hitter
Pavin Smith,19892,0.167,0.375,0.167,25,25,0,0.25,0.289,0.261,-0.028,8,30,656976,0.238,0.344,0.425,24.926,13.947,6.677,0.291,0.336,0.341,0.004,674,-0.071,0.031,-0.258,0.074,11.053,-6.677,-0.041,-0.047,-0.079,-0.033,hitter
Pedro Pages,25782,0.188,0.278,0.375,27.778,0,5.556,0.2,0.3,0.268,-0.032,18,27,686780,0.233,0.275,0.368,27.183,5.272,4.283,0.294,0.279,0.266,-0.013,607,-0.045,0.002,0.007,0.595,-5.272,1.272,-0.094,0.021,0.002,-0.019,hitter
Pete Alonso,19251,0.226,0.314,0.323,34.286,11.429,2.857,0.333,0.296,0.323,0.027,35,31,624413,0.244,0.332,0.496,23.521,9.505,10.087,0.264,0.352,0.366,0.014,2062,-0.018,-0.017,-0.173,10.765,1.923,-7.23,0.069,-0.055,-0.042,0.013,hitter
Pete Crow-Armstrong,27769,0.269,0.321,0.308,27.586,6.897,0,0.389,0.291,0.187,-0.104,29,24,691718,0.24,0.285,0.437,24.164,4.926,7.528,0.279,0.307,0.304,-0.002,1076,0.03,0.037,-0.129,3.423,1.971,-7.528,0.11,-0.016,-0.118,-0.102,hitter
Rafael Devers,17350,0.2,0.263,0.314,28.947,7.895,5.263,0.261,0.253,0.286,0.033,38,29,646240,0.265,0.36,0.498,23.414,12.135,8.812,0.307,0.363,0.37,0.008,1986,-0.065,-0.096,-0.183,5.533,-4.24,-3.549,-0.046,-0.11,-0.084,0.026,hitter
Rafael Marchan,21646,0.333,0.5,1.333,0,0,25,0,0.715,0.403,-0.313,4,27,665561,0.237,0.302,0.385,14.368,7.471,2.874,0.252,0.302,0.303,0.002,174,0.096,0.198,0.949,-14.368,-7.471,22.126,-0.252,0.414,0.099,-0.314,hitter
Ramon Laureano,17128,0.308,0.357,0.577,17.857,7.143,10.714,0.316,0.41,0.425,0.015,28,31,657656,0.256,0.321,0.446,27.394,6.911,7.66,0.326,0.332,0.331,-0.001,1201,0.051,0.036,0.131,-9.537,0.232,3.054,-0.01,0.078,0.094,0.016,hitter
Ramon Urias,18795,0.167,0.231,0.5,46.154,0,15.385,0.2,0.32,0.233,-0.087,13,32,602104,0.253,0.313,0.391,22.426,7.077,5.423,0.307,0.308,0.297,-0.011,1088,-0.086,-0.083,0.109,23.727,-7.077,9.962,-0.107,0.012,-0.065,-0.076,hitter
Randal Grichuk,10243,0,0,0,0,0,50,0,0,0.398,0.398,2,34,545341,0.262,0.314,0.46,19.463,6.328,6.903,0.296,0.331,0.334,0.003,1043,-0.262,-0.314,-0.46,-19.463,-6.328,43.097,-0.296,-0.331,0.064,0.395,hitter
Randy Arozarena,19290,0.281,0.41,0.375,10.256,15.385,5.128,0.321,0.366,0.399,0.033,39,31,668227,0.237,0.343,0.413,25.659,10.791,6.464,0.294,0.333,0.334,0.001,2011,0.044,0.067,-0.038,-15.402,4.594,-1.336,0.027,0.033,0.065,0.032,hitter
Reese McGuire,15674,0,0,0,30,0,0,0,0,0.034,0.034,10,31,624512,0.237,0.282,0.364,23.611,5.556,4.167,0.288,0.282,0.258,-0.023,504,-0.237,-0.282,-0.364,6.389,-5.556,-4.167,-0.288,-0.282,-0.225,0.057,hitter
Rhys Hoskins,16472,0.286,0.444,0.429,33.333,22.222,11.111,0.5,0.401,0.301,-0.1,18,33,656555,0.223,0.314,0.418,28.402,10.769,6.982,0.268,0.318,0.306,-0.012,845,0.063,0.13,0.011,4.931,11.453,4.129,0.232,0.083,-0.005,-0.088,hitter
Richie Palacios,24589,0.1,0.357,0.1,7.143,14.286,7.143,0.111,0.271,0.404,0.133,14,29,680700,0.243,0.343,0.378,18.67,12.017,3.219,0.281,0.319,0.324,0.005,466,-0.143,0.014,-0.278,-11.527,2.269,3.924,-0.169,-0.049,0.08,0.128,hitter
Riley Greene,25976,0.226,0.314,0.323,17.143,11.429,5.714,0.28,0.295,0.35,0.055,35,25,682985,0.267,0.334,0.477,28.459,8.761,8.882,0.342,0.348,0.349,0.001,1655,-0.041,-0.02,-0.154,-11.316,2.667,-3.168,-0.062,-0.053,0.002,0.054,hitter
Rob Refsnyder,13770,0,0.143,0,21.429,14.286,0,0,0.101,0.133,0.032,14,35,608701,0.268,0.36,0.427,23.584,11.199,5.402,0.337,0.344,0.334,-0.01,759,-0.268,-0.217,-0.427,-2.155,3.087,-5.402,-0.337,-0.244,-0.202,0.042,hitter
Roman Anthony,31812,0.267,0.333,0.433,36.364,9.091,6.061,0.412,0.332,0.302,-0.029,33,22,701350,0.292,0.396,0.463,27.723,13.201,8.911,0.404,0.376,0.372,-0.004,303,-0.025,-0.063,-0.03,8.641,-4.11,-2.85,0.008,-0.045,-0.07,-0.025,hitter
Ronald Acuna Jr.,18401,0.161,0.308,0.194,17.949,17.949,7.692,0.2,0.252,0.361,0.108,39,28,660670,0.309,0.406,0.535,17.458,13.002,9.934,0.341,0.403,0.423,0.02,1369,-0.148,-0.098,-0.342,0.491,4.947,-2.242,-0.141,-0.151,-0.062,0.088,hitter
Royce Lewis,20437,0.167,0.31,0.5,31.034,13.793,6.897,0.154,0.358,0.272,-0.087,29,27,668904,0.253,0.309,0.449,21.613,7.549,7.239,0.282,0.325,0.317,-0.009,967,-0.086,0.001,0.051,9.421,6.244,-0.342,-0.128,0.033,-0.045,-0.078,hitter
Ryan Bliss,29547,0,0,0,100,0,0,NA,0,0,0,2,26,669208,0.214,0.287,0.367,30,8.182,6.364,0.29,0.289,0.305,0.017,110,-0.214,-0.287,-0.367,70,-8.182,-6.364,NA,-0.289,-0.305,-0.017,hitter
Ryan Jeffers,24618,0.2,0.333,0.25,29.167,16.667,12.5,0.308,0.284,0.342,0.057,24,29,680777,0.254,0.338,0.434,21.994,9.098,5.538,0.298,0.337,0.319,-0.018,1264,-0.054,-0.005,-0.184,7.173,7.569,6.962,0.009,-0.052,0.023,0.075,hitter
Ryan McMahon,15112,0.05,0.24,0.05,40,20,4,0.1,0.177,0.228,0.051,25,31,641857,0.232,0.32,0.403,30.786,11.141,6.566,0.314,0.316,0.327,0.012,1858,-0.182,-0.08,-0.353,9.214,8.859,-2.566,-0.214,-0.138,-0.1,0.039,hitter
Ryan Mountcastle,18373,0.2,0.2,0.2,20,0,0,0.25,0.181,0.273,0.092,5,29,663624,0.265,0.309,0.419,23.913,5.922,7.421,0.322,0.313,0.336,0.022,1334,-0.065,-0.109,-0.219,-3.913,-5.922,-7.421,-0.072,-0.132,-0.063,0.069,hitter
Ryan O'Hearn,16442,0.36,0.469,0.6,15.625,18.75,3.125,0.368,0.455,0.424,-0.031,32,32,656811,0.277,0.343,0.445,18.492,8.464,5.761,0.314,0.34,0.341,0.001,1406,0.083,0.126,0.155,-2.867,10.286,-2.636,0.054,0.115,0.083,-0.032,hitter
Ryan Ritter,31500,0.143,0.143,0.143,42.857,0,0,0.25,0.129,0.166,0.037,7,25,690022,0.241,0.296,0.337,29.469,4.831,0.966,0.349,0.28,0.248,-0.032,207,-0.098,-0.153,-0.194,13.389,-4.831,-0.966,-0.099,-0.151,-0.082,0.069,hitter
Ryan Vilade,22165,0,0.111,0,55.556,11.111,0,0,0.078,0.129,0.05,9,27,668723,0.155,0.206,0.207,26.562,6.25,4.688,0.195,0.189,0.257,0.069,64,-0.155,-0.095,-0.207,28.993,4.861,-4.688,-0.195,-0.11,-0.129,-0.019,hitter
Sal Frelick,29622,0.192,0.344,0.346,18.75,15.625,3.125,0.211,0.325,0.336,0.012,32,26,686217,0.27,0.337,0.369,14.541,8.501,1.566,0.308,0.313,0.29,-0.022,1341,-0.077,0.007,-0.022,4.209,7.124,1.559,-0.097,0.012,0.046,0.034,hitter
Sal Stewart,31505,0.407,0.529,0.741,14.706,20.588,14.706,0.45,0.544,0.507,-0.037,34,22,701398,0.255,0.293,0.545,25.862,5.172,12.069,0.257,0.355,0.398,0.044,58,0.153,0.236,0.195,-11.156,15.416,2.637,0.193,0.189,0.109,-0.081,hitter
Salvador Perez,7304,0.2,0.273,0.433,12.121,9.091,6.061,0.167,0.302,0.315,0.013,33,36,521692,0.254,0.303,0.442,20.769,4.859,8.703,0.282,0.316,0.348,0.032,1873,-0.054,-0.03,-0.008,-8.648,4.232,-2.642,-0.115,-0.014,-0.033,-0.019,hitter
Sam Haggerty,18054,0.333,0.333,0.333,33.333,0,0,0.5,0.302,0.251,-0.051,6,32,664059,0.243,0.33,0.343,18.954,10.458,1.307,0.3,0.301,0.305,0.004,306,0.091,0.003,-0.01,14.379,-10.458,-1.307,0.2,0.001,-0.054,-0.055,hitter
Samuel Basallo,28824,0.174,0.24,0.304,28,8,8,0.2,0.231,0.247,0.016,25,21,694212,0.165,0.229,0.33,25.424,5.085,5.932,0.187,0.246,0.286,0.04,118,0.009,0.011,-0.026,2.576,2.915,2.068,0.013,-0.015,-0.039,-0.024,hitter
Santiago Espinal,19997,0,0,0,50,0,0,0,0,0.017,0.017,2,31,669289,0.245,0.298,0.325,13.155,6.475,1.028,0.274,0.276,0.278,0.002,973,-0.245,-0.298,-0.325,36.845,-6.475,-1.028,-0.274,-0.276,-0.261,0.015,hitter
Scott Kingery,17975,NA,NA,NA,NA,NA,NA,NA,NA,NA,NA,0,32,664068,0.148,0.207,0.185,37.931,6.897,3.448,0.25,0.182,0.196,0.014,29,NA,NA,NA,NA,NA,NA,NA,NA,NA,NA,hitter
Shay Whitcomb,27789,0,0.333,0,66.667,33.333,0,NA,0.235,0,-0.235,3,27,694376,0.178,0.231,0.26,23.077,6.41,3.846,0.222,0.22,0.283,0.062,78,-0.178,0.103,-0.26,43.59,26.923,-3.846,NA,0.015,-0.283,-0.297,hitter
Shea Langeliers,25816,0.3,0.364,0.8,36.364,9.091,12.121,0.308,0.496,0.472,-0.024,33,28,669127,0.236,0.294,0.468,25.275,7.175,8.209,0.264,0.324,0.318,-0.006,1547,0.064,0.069,0.332,11.089,1.916,3.912,0.044,0.172,0.154,-0.018,hitter
Shohei Ohtani,19755,0.241,0.395,0.345,23.684,18.421,13.158,0.3,0.348,0.421,0.073,38,31,660271,0.298,0.397,0.64,23.918,13.661,13.272,0.331,0.427,0.432,0.005,2057,-0.057,-0.002,-0.295,-0.234,4.76,-0.114,-0.031,-0.079,-0.011,0.068,hitter
Spencer Horwitz,26477,0.143,0.208,0.19,29.167,8.333,0,0.2,0.188,0.19,0.002,24,28,687462,0.268,0.354,0.431,18.541,10.766,5.622,0.309,0.343,0.33,-0.013,836,-0.125,-0.146,-0.24,10.626,-2.432,-5.622,-0.109,-0.155,-0.14,0.015,hitter
Spencer Steer,26323,0.2,0.25,0.4,28.571,7.143,7.143,0.235,0.283,0.301,0.017,28,28,668715,0.245,0.33,0.426,21.44,10.111,4.606,0.286,0.33,0.315,-0.015,1889,-0.045,-0.08,-0.026,7.132,-2.968,2.537,-0.05,-0.046,-0.014,0.032,hitter
Spencer Torkelson,27465,0.143,0.2,0.179,36.667,6.667,3.333,0.235,0.181,0.243,0.062,30,26,679529,0.232,0.316,0.433,25.963,10.035,7.701,0.278,0.324,0.329,0.005,1714,-0.089,-0.116,-0.255,10.704,-3.368,-4.368,-0.042,-0.143,-0.085,0.058,hitter
Starling Marte,9241,0.167,0.167,0.333,50,0,0,0.333,0.216,0.043,-0.173,6,37,516782,0.262,0.321,0.373,20.962,6.25,4.808,0.318,0.306,0.323,0.017,1040,-0.095,-0.154,-0.04,29.038,-6.25,-4.808,0.015,-0.09,-0.28,-0.19,hitter
Steven Kwan,24610,0.233,0.324,0.267,11.765,11.765,0,0.269,0.281,0.28,-0.001,34,28,680757,0.276,0.344,0.387,9.534,9.124,1.435,0.293,0.322,0.319,-0.003,1951,-0.043,-0.021,-0.12,2.231,2.641,-1.435,-0.024,-0.041,-0.039,0.002,hitter
TJ Friedl,19522,0.077,0.25,0.077,28.125,18.75,0,0.118,0.189,0.257,0.068,32,30,670770,0.26,0.348,0.411,16.245,9.735,2.149,0.288,0.334,0.296,-0.038,1582,-0.183,-0.098,-0.334,11.88,9.015,-2.149,-0.17,-0.145,-0.039,0.106,hitter
TJ Rumfield,29805,0.36,0.429,0.52,25,10.714,3.571,0.471,0.424,0.354,-0.07,28,26,681198,NA,NA,NA,NA,NA,NA,NA,NA,NA,NA,NA,NA,NA,NA,NA,NA,NA,NA,NA,NA,NA,hitter
Taylor Ward,17548,0.29,0.395,0.387,21.053,15.789,0,0.375,0.356,0.351,-0.005,38,32,621493,0.241,0.323,0.443,24.092,10.202,7.781,0.278,0.331,0.338,0.007,1735,0.05,0.071,-0.056,-3.04,5.588,-7.781,0.097,0.025,0.013,-0.012,hitter
Teoscar Hernandez,13066,0.32,0.32,0.36,36,0,0,0.5,0.305,0.263,-0.043,25,33,606192,0.259,0.311,0.463,28.412,6.237,8.635,0.324,0.331,0.336,0.005,1876,0.061,0.009,-0.103,7.588,-6.237,-8.635,0.176,-0.026,-0.073,-0.047,hitter
Thomas Saggese,27883,0.143,0.25,0.143,31.25,12.5,6.25,0.222,0.201,0.291,0.09,16,24,695336,0.25,0.292,0.336,27.954,5.187,3.458,0.345,0.277,0.276,-0.001,347,-0.107,-0.042,-0.194,3.296,7.313,2.792,-0.123,-0.076,0.015,0.091,hitter
Tim Tawa,29571,0.222,0.3,0.333,10,10,0,0.25,0.29,0.273,-0.018,10,27,694374,0.201,0.274,0.347,28.444,8.889,5.778,0.252,0.273,0.29,0.016,225,0.021,0.026,-0.013,-18.444,1.111,-5.778,-0.002,0.017,-0.017,-0.034,hitter
Travis d'Arnaud,7739,0.167,0.167,0.333,50,0,33.333,0.333,0.216,0.374,0.158,6,37,518595,0.222,0.285,0.398,26.62,6.713,6.597,0.269,0.296,0.31,0.013,864,-0.056,-0.118,-0.064,23.38,-6.713,26.736,0.064,-0.081,0.064,0.145,hitter
Trea Turner,16252,0.294,0.351,0.382,21.622,8.108,2.703,0.385,0.333,0.305,-0.028,37,33,607208,0.287,0.337,0.461,18.994,6.153,5.19,0.33,0.344,0.323,-0.021,1869,0.007,0.014,-0.079,2.628,1.955,-2.487,0.054,-0.011,-0.018,-0.007,hitter
Trent Grisham,18564,0.2,0.394,0.32,15.152,24.242,6.061,0.25,0.342,0.374,0.032,33,29,663757,0.213,0.325,0.405,25.874,13.309,7.732,0.252,0.322,0.34,0.018,1345,-0.013,0.069,-0.085,-10.722,10.934,-1.672,-0.002,0.02,0.034,0.013,hitter
Trevor Larnach,21501,0.375,0.583,0.625,8.333,33.333,0,0.429,0.51,0.371,-0.139,12,29,663616,0.247,0.326,0.416,24.003,10.178,5.937,0.298,0.322,0.327,0.004,1179,0.128,0.257,0.209,-15.67,23.155,-5.937,0.13,0.187,0.044,-0.143,hitter
Trevor Story,12564,0.108,0.108,0.216,40.541,0,5.405,0.143,0.141,0.248,0.107,37,33,596115,0.251,0.301,0.407,28.448,5.711,6.142,0.327,0.307,0.297,-0.01,928,-0.143,-0.193,-0.191,12.092,-5.711,-0.737,-0.185,-0.166,-0.049,0.117,hitter
Tristan Gray,19877,0.364,0.429,0.727,28.571,14.286,14.286,0.429,0.474,0.334,-0.14,14,30,656484,0.207,0.264,0.369,28.689,7.377,7.377,0.26,0.276,0.327,0.051,122,0.156,0.164,0.358,-0.117,6.909,6.909,0.168,0.199,0.007,-0.191,hitter
Tristan Peters,30063,0.304,0.36,0.348,36,8,0,0.5,0.325,0.256,-0.07,25,26,671976,0,0,0,58.333,0,0,0,0,0.146,0.146,12,0.304,0.36,0.348,-22.333,8,0,0.5,0.325,0.11,-0.216,hitter
Troy Johnston,26143,0.333,0.364,0.524,21.739,4.348,8.696,0.4,0.393,0.362,-0.031,23,29,687859,0.277,0.331,0.42,21.488,6.612,6.612,0.329,0.328,0.341,0.013,121,0.057,0.033,0.104,0.252,-2.264,2.084,0.071,0.065,0.022,-0.044,hitter
Ty France,17982,0.143,0.143,0.143,28.571,0,0,0.2,0.129,0.014,-0.115,7,31,664034,0.247,0.322,0.364,18.58,6.095,5.148,0.291,0.305,0.326,0.02,1690,-0.104,-0.179,-0.221,9.992,-6.095,-5.148,-0.091,-0.176,-0.311,-0.135,hitter
Tyler Freeman,22532,0.4,0.4,0.4,0,0,0,0.4,0.362,0.41,0.048,5,27,671289,0.247,0.325,0.347,13.687,7.354,2.043,0.276,0.3,0.314,0.014,979,0.153,0.075,0.053,-13.687,-7.354,-2.043,0.124,0.062,0.096,0.033,hitter
Tyler Heineman,13897,0.4,0.455,0.4,9.091,9.091,0,0.444,0.393,0.468,0.074,11,35,623168,0.266,0.362,0.377,18.987,9.705,1.688,0.327,0.331,0.282,-0.049,237,0.134,0.092,0.023,-9.896,-0.614,-1.688,0.118,0.063,0.186,0.124,hitter
Tyler O'Neill,15711,0.125,0.263,0.312,21.053,10.526,5.263,0.091,0.272,0.354,0.081,19,31,641933,0.229,0.32,0.454,29.219,10.865,9.177,0.277,0.333,0.342,0.01,948,-0.104,-0.056,-0.142,-8.167,-0.339,-3.914,-0.186,-0.06,0.011,0.071,hitter
Tyler Soderstrom,27467,0.207,0.281,0.276,31.25,9.375,0,0.316,0.26,0.243,-0.017,32,24,691016,0.25,0.323,0.431,24.308,8.821,7.487,0.301,0.327,0.333,0.006,975,-0.043,-0.042,-0.155,6.942,0.554,-7.487,0.015,-0.067,-0.09,-0.023,hitter
Tyler Stephenson,17988,0.176,0.222,0.353,22.222,5.556,5.556,0.167,0.258,0.262,0.004,18,29,663886,0.246,0.325,0.414,26.783,9.607,6.041,0.313,0.321,0.316,-0.005,1374,-0.069,-0.102,-0.061,-4.561,-4.051,-0.485,-0.146,-0.064,-0.054,0.009,hitter
Tyler Tolbert,25779,0,0,0,50,0,0,0,0,0.196,0.196,2,28,686475,0.28,0.321,0.38,19.298,1.754,1.754,0.325,0.305,0.313,0.007,57,-0.28,-0.321,-0.38,30.702,-1.754,-1.754,-0.325,-0.305,-0.117,0.188,hitter
Tyrone Taylor,13675,0.167,0.167,0.417,16.667,0,0,0.111,0.252,0.147,-0.105,12,32,621438,0.235,0.284,0.384,22.713,4.629,4.09,0.289,0.289,0.301,0.012,929,-0.068,-0.117,0.033,-6.046,-4.629,-4.09,-0.178,-0.036,-0.154,-0.117,hitter
Victor Caratini,14968,0.227,0.32,0.227,8,8,8,0.25,0.267,0.452,0.185,25,32,605170,0.262,0.328,0.4,18.397,7.336,4.628,0.294,0.319,0.322,0.003,886,-0.035,-0.008,-0.173,-10.397,0.664,3.372,-0.044,-0.052,0.13,0.182,hitter
Victor Robles,18363,0.231,0.231,0.308,23.077,0,7.692,0.3,0.239,0.256,0.017,13,29,645302,0.291,0.36,0.394,18.131,6.542,3.551,0.354,0.334,0.306,-0.028,535,-0.06,-0.129,-0.086,4.946,-6.542,4.141,-0.054,-0.095,-0.05,0.045,hitter
Victor Scott II,31349,0.308,0.308,0.346,31.034,0,0,0.471,0.294,0.276,-0.018,29,25,687363,0.206,0.283,0.293,24.757,7.767,2.751,0.271,0.261,0.277,0.016,618,0.101,0.025,0.053,6.277,-7.767,-2.751,0.2,0.033,-0.001,-0.034,hitter
Vinnie Pasquantino,27676,0.172,0.286,0.207,20,11.429,2.857,0.217,0.242,0.311,0.069,35,28,686469,0.26,0.32,0.458,13.971,7.62,6.818,0.265,0.332,0.335,0.004,1496,-0.088,-0.034,-0.251,6.029,3.808,-3.961,-0.048,-0.09,-0.024,0.066,hitter
Vladimir Guerrero Jr.,19611,0.286,0.429,0.393,8.571,17.143,2.857,0.292,0.364,0.347,-0.017,35,27,665489,0.293,0.374,0.485,14.085,10.685,9.179,0.311,0.368,0.39,0.022,2059,-0.008,0.055,-0.092,-5.513,6.458,-6.322,-0.019,-0.004,-0.043,-0.039,hitter
Will Benson,21853,0.133,0.188,0.267,31.25,6.25,0,0.2,0.203,0.193,-0.011,16,28,666181,0.227,0.304,0.433,33.402,9.897,6.907,0.311,0.317,0.305,-0.012,970,-0.093,-0.117,-0.166,-2.152,-3.647,-6.907,-0.111,-0.114,-0.113,0.001,hitter
Will Smith,19197,0.276,0.3,0.483,16.667,3.333,16.667,0.273,0.346,0.436,0.09,30,31,669257,0.266,0.36,0.452,18.449,11.604,6.584,0.294,0.351,0.351,0,1534,0.01,-0.06,0.03,-1.782,-8.27,10.083,-0.021,-0.005,0.085,0.09,hitter
Willi Castro,17338,0.129,0.182,0.226,36.364,6.061,3.03,0.211,0.188,0.227,0.039,33,29,650489,0.244,0.328,0.386,24.032,8.344,4.406,0.31,0.315,0.311,-0.005,1498,-0.115,-0.146,-0.16,12.332,-2.284,-1.376,-0.099,-0.127,-0.084,0.044,hitter
William Contreras,20503,0.222,0.344,0.444,15.625,15.625,6.25,0.238,0.343,0.409,0.066,32,28,661388,0.276,0.362,0.441,19.754,11.544,5.849,0.325,0.349,0.342,-0.007,1949,-0.054,-0.019,0.004,-4.129,4.081,0.401,-0.087,-0.006,0.067,0.073,hitter
Willson Contreras,11609,0.185,0.353,0.296,23.529,17.647,2.941,0.222,0.315,0.348,0.033,34,34,575929,0.261,0.358,0.459,24.647,9.887,7.839,0.32,0.356,0.365,0.01,1416,-0.076,-0.005,-0.163,-1.117,7.76,-4.898,-0.098,-0.041,-0.018,0.023,hitter
Willy Adames,15986,0.206,0.27,0.353,32.432,8.108,2.703,0.286,0.282,0.24,-0.042,37,30,642715,0.231,0.32,0.431,25.696,11.183,7.704,0.274,0.325,0.334,0.009,2012,-0.026,-0.05,-0.078,6.737,-3.075,-5.001,0.012,-0.043,-0.094,-0.051,hitter
Wilyer Abreu,23772,0.387,0.406,0.774,21.875,3.125,15.625,0.429,0.512,0.375,-0.138,32,27,677800,0.256,0.326,0.465,26.238,9.378,7.271,0.313,0.338,0.329,-0.01,949,0.131,0.08,0.31,-4.363,-6.253,8.354,0.115,0.174,0.046,-0.128,hitter
Wyatt Langford,33333,0.167,0.167,0.306,27.778,0,8.333,0.231,0.203,0.265,0.062,36,24,694671,0.247,0.335,0.423,23.54,11.062,7.434,0.298,0.329,0.339,0.009,1130,-0.08,-0.168,-0.118,4.238,-11.062,0.9,-0.067,-0.127,-0.074,0.053,hitter
Xander Bogaerts,12161,0.125,0.152,0.156,9.091,3.03,3.03,0.138,0.143,0.283,0.14,33,33,593428,0.272,0.331,0.407,16.845,7.857,4.524,0.306,0.321,0.317,-0.004,1680,-0.147,-0.18,-0.251,-7.754,-4.827,-1.494,-0.168,-0.178,-0.034,0.144,hitter
Xavier Edwards,22266,0.467,0.5,0.633,9.091,6.061,3.03,0.5,0.502,0.34,-0.163,33,26,669364,0.298,0.358,0.372,15.308,8.449,0.895,0.352,0.322,0.292,-0.03,1006,0.169,0.142,0.262,-6.217,-2.389,2.136,0.148,0.18,0.047,-0.133,hitter
Yainer Diaz,23003,0.296,0.355,0.333,19.355,9.677,0,0.364,0.314,0.21,-0.104,31,27,673237,0.279,0.306,0.455,17.658,3.519,7.358,0.305,0.324,0.339,0.014,1563,0.017,0.049,-0.122,1.696,6.159,-7.358,0.059,-0.01,-0.128,-0.118,hitter
Yandy Diaz,16578,0.424,0.5,0.697,13.158,7.895,5.263,0.462,0.522,0.416,-0.106,38,34,650490,0.303,0.372,0.472,15.011,9.188,6.303,0.332,0.365,0.357,-0.008,1872,0.121,0.128,0.225,-1.853,-1.293,-1.04,0.129,0.157,0.059,-0.098,hitter
Yoan Moncada,17232,0.107,0.265,0.214,35.294,14.706,2.941,0.133,0.241,0.277,0.036,34,31,660162,0.251,0.321,0.432,27.931,8.249,6.946,0.325,0.326,0.319,-0.008,691,-0.144,-0.057,-0.218,7.364,6.457,-4.005,-0.192,-0.085,-0.042,0.043,hitter
Yohel Pozo,18848,0,0,0,0,0,0,0,0,0.224,0.224,5,29,650968,0.231,0.262,0.375,13.095,4.167,1.786,0.239,0.275,0.276,0.001,168,-0.231,-0.262,-0.375,-13.095,-4.167,-1.786,-0.239,-0.275,-0.053,0.222,hitter
Yordan Alvarez,19556,0.423,0.59,0.885,10.256,25.641,12.821,0.4,0.589,0.604,0.016,39,29,670541,0.297,0.394,0.553,16.541,12.481,10.827,0.31,0.397,0.417,0.02,1330,0.126,0.196,0.332,-6.285,13.16,1.993,0.09,0.191,0.187,-0.004,hitter
Zach McKinstry,19392,0.25,0.25,0.438,25,0,0,0.273,0.303,0.229,-0.073,16,31,656716,0.237,0.308,0.38,21.64,8.419,4.284,0.291,0.301,0.305,0.004,1354,0.013,-0.058,0.057,3.36,-8.419,-4.284,-0.018,0.002,-0.076,-0.077,hitter
Zach Neto,31347,0.235,0.366,0.529,21.951,17.073,2.439,0.227,0.396,0.29,-0.106,41,25,687263,0.247,0.316,0.44,24.646,6.195,6.936,0.296,0.326,0.326,-0,1485,-0.012,0.05,0.089,-2.695,10.878,-4.497,-0.069,0.069,-0.037,-0.106,hitter
